tema,questão,correta,incorreta_1,incorreta_2,incorreta_3,incorreta_4
adição,Quanto é 1 + 1?,2.00,20.00,12.00,16.00,17.00
adição,Quanto é 1 + 2?,3.00,19.00,12.00,19.00,2.00
adição,Quanto é 1 + 3?,4.00,20.00,19.00,14.00,2.00
adição,Quanto é 1 + 4?,5.00,4.00,12.00,7.00,9.00
adição,Quanto é 1 + 5?,6.00,15.00,16.00,13.00,11.00
adição,Quanto é 1 + 6?,7.00,12.00,10.00,8.00,1.00
adição,Quanto é 1 + 7?,8.00,5.00,15.00,13.00,13.00
adição,Quanto é 1 + 8?,9.00,19.00,6.00,11.00,10.00
adição,Quanto é 1 + 9?,10.00,19.00,15.00,6.00,5.00
adição,Quanto é 1 + 10?,11.00,9.00,2.00,19.00,20.00
adição,Quanto é 1 + 11?,12.00,10.00,17.00,11.00,19.00
adição,Quanto é 1 + 12?,13.00,7.00,12.00,12.00,17.00
adição,Quanto é 1 + 13?,14.00,18.00,6.00,8.00,17.00
adição,Quanto é 1 + 14?,15.00,9.00,17.00,5.00,12.00
adição,Quanto é 1 + 15?,16.00,15.00,4.00,12.00,4.00
adição,Quanto é 1 + 16?,17.00,20.00,11.00,12.00,20.00
adição,Quanto é 1 + 17?,18.00,11.00,16.00,10.00,16.00
adição,Quanto é 1 + 18?,19.00,17.00,6.00,7.00,9.00
adição,Quanto é 1 + 19?,20.00,15.00,19.00,18.00,17.00
adição,Quanto é 1 + 20?,21.00,9.00,2.00,15.00,18.00
adição,Quanto é 2 + 1?,3.00,7.00,13.00,19.00,14.00
adição,Quanto é 2 + 2?,4.00,15.00,19.00,16.00,8.00
adição,Quanto é 2 + 3?,5.00,11.00,3.00,4.00,16.00
adição,Quanto é 2 + 4?,6.00,9.00,2.00,14.00,18.00
adição,Quanto é 2 + 5?,7.00,15.00,14.00,19.00,11.00
adição,Quanto é 2 + 6?,8.00,6.00,15.00,12.00,1.00
adição,Quanto é 2 + 7?,9.00,15.00,20.00,5.00,7.00
adição,Quanto é 2 + 8?,10.00,14.00,8.00,15.00,15.00
adição,Quanto é 2 + 9?,11.00,20.00,18.00,2.00,6.00
adição,Quanto é 2 + 10?,12.00,3.00,9.00,13.00,9.00
adição,Quanto é 2 + 11?,13.00,16.00,18.00,16.00,14.00
adição,Quanto é 2 + 12?,14.00,8.00,16.00,11.00,16.00
adição,Quanto é 2 + 13?,15.00,17.00,5.00,18.00,16.00
adição,Quanto é 2 + 14?,16.00,5.00,10.00,7.00,5.00
adição,Quanto é 2 + 15?,17.00,14.00,14.00,16.00,2.00
adição,Quanto é 2 + 16?,18.00,2.00,15.00,8.00,7.00
adição,Quanto é 2 + 17?,19.00,15.00,6.00,6.00,7.00
adição,Quanto é 2 + 18?,20.00,6.00,1.00,17.00,2.00
adição,Quanto é 2 + 19?,21.00,16.00,11.00,12.00,3.00
adição,Quanto é 2 + 20?,22.00,10.00,5.00,8.00,4.00
adição,Quanto é 3 + 1?,4.00,8.00,17.00,13.00,17.00
adição,Quanto é 3 + 2?,5.00,9.00,14.00,9.00,14.00
adição,Quanto é 3 + 3?,6.00,4.00,4.00,17.00,7.00
adição,Quanto é 3 + 4?,7.00,4.00,10.00,17.00,2.00
adição,Quanto é 3 + 5?,8.00,9.00,12.00,2.00,10.00
adição,Quanto é 3 + 6?,9.00,14.00,6.00,5.00,10.00
adição,Quanto é 3 + 7?,10.00,5.00,7.00,2.00,9.00
adição,Quanto é 3 + 8?,11.00,1.00,15.00,1.00,6.00
adição,Quanto é 3 + 9?,12.00,16.00,4.00,1.00,13.00
adição,Quanto é 3 + 10?,13.00,15.00,19.00,18.00,5.00
adição,Quanto é 3 + 11?,14.00,9.00,17.00,9.00,1.00
adição,Quanto é 3 + 12?,15.00,13.00,13.00,11.00,16.00
adição,Quanto é 3 + 13?,16.00,5.00,17.00,9.00,3.00
adição,Quanto é 3 + 14?,17.00,13.00,15.00,12.00,11.00
adição,Quanto é 3 + 15?,18.00,10.00,4.00,6.00,8.00
adição,Quanto é 3 + 16?,19.00,16.00,9.00,2.00,17.00
adição,Quanto é 3 + 17?,20.00,6.00,4.00,9.00,7.00
adição,Quanto é 3 + 18?,21.00,14.00,18.00,5.00,6.00
adição,Quanto é 3 + 19?,22.00,16.00,19.00,4.00,18.00
adição,Quanto é 3 + 20?,23.00,9.00,3.00,7.00,14.00
adição,Quanto é 4 + 1?,5.00,10.00,8.00,14.00,20.00
adição,Quanto é 4 + 2?,6.00,2.00,11.00,2.00,5.00
adição,Quanto é 4 + 3?,7.00,18.00,8.00,10.00,15.00
adição,Quanto é 4 + 4?,8.00,19.00,7.00,19.00,10.00
adição,Quanto é 4 + 5?,9.00,4.00,10.00,17.00,8.00
adição,Quanto é 4 + 6?,10.00,16.00,15.00,1.00,9.00
adição,Quanto é 4 + 7?,11.00,14.00,15.00,18.00,16.00
adição,Quanto é 4 + 8?,12.00,20.00,18.00,15.00,1.00
adição,Quanto é 4 + 9?,13.00,5.00,2.00,14.00,14.00
adição,Quanto é 4 + 10?,14.00,13.00,20.00,10.00,4.00
adição,Quanto é 4 + 11?,15.00,3.00,16.00,18.00,18.00
adição,Quanto é 4 + 12?,16.00,2.00,18.00,9.00,14.00
adição,Quanto é 4 + 13?,17.00,14.00,4.00,6.00,3.00
adição,Quanto é 4 + 14?,18.00,15.00,17.00,19.00,7.00
adição,Quanto é 4 + 15?,19.00,7.00,13.00,8.00,15.00
adição,Quanto é 4 + 16?,20.00,3.00,19.00,11.00,2.00
adição,Quanto é 4 + 17?,21.00,17.00,6.00,4.00,11.00
adição,Quanto é 4 + 18?,22.00,16.00,17.00,18.00,18.00
adição,Quanto é 4 + 19?,23.00,8.00,2.00,20.00,10.00
adição,Quanto é 4 + 20?,24.00,4.00,13.00,13.00,10.00
adição,Quanto é 5 + 1?,6.00,9.00,5.00,16.00,1.00
adição,Quanto é 5 + 2?,7.00,8.00,1.00,16.00,11.00
adição,Quanto é 5 + 3?,8.00,9.00,4.00,6.00,9.00
adição,Quanto é 5 + 4?,9.00,16.00,1.00,17.00,15.00
adição,Quanto é 5 + 5?,10.00,5.00,5.00,13.00,5.00
adição,Quanto é 5 + 6?,11.00,17.00,13.00,7.00,6.00
adição,Quanto é 5 + 7?,12.00,14.00,6.00,10.00,1.00
adição,Quanto é 5 + 8?,13.00,5.00,4.00,19.00,2.00
adição,Quanto é 5 + 9?,14.00,20.00,17.00,13.00,13.00
adição,Quanto é 5 + 10?,15.00,17.00,6.00,19.00,8.00
adição,Quanto é 5 + 11?,16.00,17.00,18.00,1.00,5.00
adição,Quanto é 5 + 12?,17.00,7.00,1.00,16.00,13.00
adição,Quanto é 5 + 13?,18.00,4.00,13.00,1.00,9.00
adição,Quanto é 5 + 14?,19.00,1.00,5.00,16.00,6.00
adição,Quanto é 5 + 15?,20.00,2.00,13.00,16.00,9.00
adição,Quanto é 5 + 16?,21.00,1.00,6.00,18.00,5.00
adição,Quanto é 5 + 17?,22.00,8.00,19.00,13.00,12.00
adição,Quanto é 5 + 18?,23.00,7.00,16.00,14.00,14.00
adição,Quanto é 5 + 19?,24.00,11.00,5.00,9.00,20.00
adição,Quanto é 5 + 20?,25.00,10.00,9.00,3.00,1.00
adição,Quanto é 6 + 1?,7.00,10.00,13.00,9.00,16.00
adição,Quanto é 6 + 2?,8.00,19.00,16.00,12.00,6.00
adição,Quanto é 6 + 3?,9.00,10.00,19.00,13.00,20.00
adição,Quanto é 6 + 4?,10.00,19.00,1.00,16.00,5.00
adição,Quanto é 6 + 5?,11.00,13.00,19.00,14.00,19.00
adição,Quanto é 6 + 6?,12.00,20.00,7.00,16.00,13.00
adição,Quanto é 6 + 7?,13.00,19.00,12.00,5.00,6.00
adição,Quanto é 6 + 8?,14.00,1.00,18.00,13.00,13.00
adição,Quanto é 6 + 9?,15.00,12.00,7.00,10.00,10.00
adição,Quanto é 6 + 10?,16.00,5.00,9.00,19.00,12.00
adição,Quanto é 6 + 11?,17.00,14.00,12.00,14.00,1.00
adição,Quanto é 6 + 12?,18.00,15.00,16.00,14.00,14.00
adição,Quanto é 6 + 13?,19.00,20.00,12.00,2.00,1.00
adição,Quanto é 6 + 14?,20.00,15.00,6.00,9.00,7.00
adição,Quanto é 6 + 15?,21.00,2.00,14.00,18.00,12.00
adição,Quanto é 6 + 16?,22.00,6.00,19.00,20.00,13.00
adição,Quanto é 6 + 17?,23.00,10.00,18.00,10.00,2.00
adição,Quanto é 6 + 18?,24.00,20.00,7.00,16.00,18.00
adição,Quanto é 6 + 19?,25.00,6.00,3.00,2.00,14.00
adição,Quanto é 6 + 20?,26.00,12.00,6.00,13.00,18.00
adição,Quanto é 7 + 1?,8.00,15.00,19.00,2.00,10.00
adição,Quanto é 7 + 2?,9.00,8.00,8.00,3.00,15.00
adição,Quanto é 7 + 3?,10.00,16.00,8.00,6.00,17.00
adição,Quanto é 7 + 4?,11.00,20.00,18.00,10.00,13.00
adição,Quanto é 7 + 5?,12.00,13.00,9.00,3.00,11.00
adição,Quanto é 7 + 6?,13.00,9.00,12.00,19.00,7.00
adição,Quanto é 7 + 7?,14.00,10.00,20.00,17.00,7.00
adição,Quanto é 7 + 8?,15.00,10.00,5.00,3.00,20.00
adição,Quanto é 7 + 9?,16.00,13.00,14.00,14.00,14.00
adição,Quanto é 7 + 10?,17.00,20.00,6.00,11.00,16.00
adição,Quanto é 7 + 11?,18.00,6.00,3.00,20.00,10.00
adição,Quanto é 7 + 12?,19.00,13.00,14.00,8.00,9.00
adição,Quanto é 7 + 13?,20.00,16.00,9.00,14.00,19.00
adição,Quanto é 7 + 14?,21.00,17.00,14.00,12.00,10.00
adição,Quanto é 7 + 15?,22.00,12.00,12.00,7.00,18.00
adição,Quanto é 7 + 16?,23.00,20.00,3.00,14.00,4.00
adição,Quanto é 7 + 17?,24.00,15.00,6.00,9.00,2.00
adição,Quanto é 7 + 18?,25.00,8.00,14.00,20.00,20.00
adição,Quanto é 7 + 19?,26.00,20.00,19.00,19.00,13.00
adição,Quanto é 7 + 20?,27.00,6.00,18.00,3.00,20.00
adição,Quanto é 8 + 1?,9.00,11.00,18.00,15.00,11.00
adição,Quanto é 8 + 2?,10.00,20.00,17.00,8.00,20.00
adição,Quanto é 8 + 3?,11.00,17.00,15.00,15.00,2.00
adição,Quanto é 8 + 4?,12.00,14.00,2.00,18.00,10.00
adição,Quanto é 8 + 5?,13.00,4.00,9.00,6.00,7.00
adição,Quanto é 8 + 6?,14.00,4.00,1.00,16.00,3.00
adição,Quanto é 8 + 7?,15.00,1.00,19.00,10.00,5.00
adição,Quanto é 8 + 8?,16.00,19.00,11.00,9.00,18.00
adição,Quanto é 8 + 9?,17.00,14.00,13.00,5.00,14.00
adição,Quanto é 8 + 10?,18.00,13.00,19.00,17.00,14.00
adição,Quanto é 8 + 11?,19.00,7.00,2.00,10.00,10.00
adição,Quanto é 8 + 12?,20.00,1.00,13.00,7.00,4.00
adição,Quanto é 8 + 13?,21.00,1.00,13.00,7.00,5.00
adição,Quanto é 8 + 14?,22.00,10.00,3.00,12.00,10.00
adição,Quanto é 8 + 15?,23.00,6.00,2.00,10.00,7.00
adição,Quanto é 8 + 16?,24.00,20.00,9.00,19.00,16.00
adição,Quanto é 8 + 17?,25.00,9.00,10.00,2.00,5.00
adição,Quanto é 8 + 18?,26.00,4.00,8.00,16.00,4.00
adição,Quanto é 8 + 19?,27.00,18.00,10.00,18.00,5.00
adição,Quanto é 8 + 20?,28.00,20.00,6.00,7.00,11.00
adição,Quanto é 9 + 1?,10.00,12.00,18.00,12.00,2.00
adição,Quanto é 9 + 2?,11.00,19.00,8.00,7.00,13.00
adição,Quanto é 9 + 3?,12.00,14.00,13.00,3.00,18.00
adição,Quanto é 9 + 4?,13.00,20.00,19.00,7.00,2.00
adição,Quanto é 9 + 5?,14.00,8.00,9.00,7.00,17.00
adição,Quanto é 9 + 6?,15.00,16.00,19.00,5.00,1.00
adição,Quanto é 9 + 7?,16.00,12.00,4.00,4.00,17.00
adição,Quanto é 9 + 8?,17.00,8.00,11.00,20.00,5.00
adição,Quanto é 9 + 9?,18.00,20.00,5.00,4.00,15.00
adição,Quanto é 9 + 10?,19.00,9.00,7.00,11.00,11.00
adição,Quanto é 9 + 11?,20.00,18.00,11.00,4.00,2.00
adição,Quanto é 9 + 12?,21.00,18.00,16.00,17.00,2.00
adição,Quanto é 9 + 13?,22.00,4.00,6.00,20.00,18.00
adição,Quanto é 9 + 14?,23.00,14.00,2.00,14.00,18.00
adição,Quanto é 9 + 15?,24.00,17.00,16.00,4.00,16.00
adição,Quanto é 9 + 16?,25.00,10.00,19.00,17.00,11.00
adição,Quanto é 9 + 17?,26.00,10.00,12.00,6.00,18.00
adição,Quanto é 9 + 18?,27.00,10.00,10.00,15.00,16.00
adição,Quanto é 9 + 19?,28.00,20.00,6.00,5.00,14.00
adição,Quanto é 9 + 20?,29.00,11.00,15.00,11.00,1.00
adição,Quanto é 10 + 1?,11.00,20.00,15.00,13.00,20.00
adição,Quanto é 10 + 2?,12.00,4.00,17.00,3.00,2.00
adição,Quanto é 10 + 3?,13.00,3.00,20.00,12.00,4.00
adição,Quanto é 10 + 4?,14.00,10.00,1.00,9.00,16.00
adição,Quanto é 10 + 5?,15.00,2.00,12.00,9.00,10.00
adição,Quanto é 10 + 6?,16.00,19.00,7.00,13.00,8.00
adição,Quanto é 10 + 7?,17.00,7.00,7.00,3.00,15.00
adição,Quanto é 10 + 8?,18.00,4.00,14.00,1.00,8.00
adição,Quanto é 10 + 9?,19.00,14.00,4.00,13.00,17.00
adição,Quanto é 10 + 10?,20.00,2.00,10.00,3.00,19.00
adição,Quanto é 10 + 11?,21.00,10.00,10.00,20.00,13.00
adição,Quanto é 10 + 12?,22.00,8.00,16.00,13.00,1.00
adição,Quanto é 10 + 13?,23.00,5.00,19.00,4.00,20.00
adição,Quanto é 10 + 14?,24.00,2.00,13.00,6.00,18.00
adição,Quanto é 10 + 15?,25.00,12.00,13.00,9.00,18.00
adição,Quanto é 10 + 16?,26.00,5.00,7.00,16.00,17.00
adição,Quanto é 10 + 17?,27.00,20.00,17.00,5.00,20.00
adição,Quanto é 10 + 18?,28.00,20.00,10.00,3.00,15.00
adição,Quanto é 10 + 19?,29.00,12.00,13.00,10.00,11.00
adição,Quanto é 10 + 20?,30.00,15.00,11.00,15.00,3.00
adição,Quanto é 11 + 1?,12.00,16.00,15.00,2.00,8.00
adição,Quanto é 11 + 2?,13.00,4.00,14.00,17.00,5.00
adição,Quanto é 11 + 3?,14.00,2.00,4.00,13.00,9.00
adição,Quanto é 11 + 4?,15.00,8.00,6.00,20.00,7.00
adição,Quanto é 11 + 5?,16.00,1.00,2.00,17.00,3.00
adição,Quanto é 11 + 6?,17.00,12.00,12.00,14.00,13.00
adição,Quanto é 11 + 7?,18.00,19.00,13.00,4.00,3.00
adição,Quanto é 11 + 8?,19.00,12.00,14.00,17.00,18.00
adição,Quanto é 11 + 9?,20.00,16.00,12.00,6.00,1.00
adição,Quanto é 11 + 10?,21.00,10.00,6.00,2.00,16.00
adição,Quanto é 11 + 11?,22.00,16.00,8.00,18.00,9.00
adição,Quanto é 11 + 12?,23.00,15.00,1.00,2.00,4.00
adição,Quanto é 11 + 13?,24.00,4.00,16.00,2.00,12.00
adição,Quanto é 11 + 14?,25.00,9.00,2.00,6.00,18.00
adição,Quanto é 11 + 15?,26.00,2.00,16.00,15.00,3.00
adição,Quanto é 11 + 16?,27.00,4.00,17.00,16.00,8.00
adição,Quanto é 11 + 17?,28.00,9.00,10.00,16.00,7.00
adição,Quanto é 11 + 18?,29.00,19.00,5.00,8.00,11.00
adição,Quanto é 11 + 19?,30.00,10.00,9.00,4.00,10.00
adição,Quanto é 11 + 20?,31.00,12.00,8.00,4.00,10.00
adição,Quanto é 12 + 1?,13.00,6.00,9.00,6.00,3.00
adição,Quanto é 12 + 2?,14.00,8.00,15.00,8.00,5.00
adição,Quanto é 12 + 3?,15.00,16.00,16.00,10.00,4.00
adição,Quanto é 12 + 4?,16.00,14.00,5.00,20.00,20.00
adição,Quanto é 12 + 5?,17.00,6.00,16.00,9.00,2.00
adição,Quanto é 12 + 6?,18.00,7.00,11.00,12.00,11.00
adição,Quanto é 12 + 7?,19.00,20.00,3.00,15.00,20.00
adição,Quanto é 12 + 8?,20.00,10.00,19.00,19.00,12.00
adição,Quanto é 12 + 9?,21.00,12.00,16.00,18.00,5.00
adição,Quanto é 12 + 10?,22.00,18.00,12.00,6.00,11.00
adição,Quanto é 12 + 11?,23.00,9.00,5.00,15.00,15.00
adição,Quanto é 12 + 12?,24.00,11.00,4.00,10.00,7.00
adição,Quanto é 12 + 13?,25.00,14.00,10.00,10.00,20.00
adição,Quanto é 12 + 14?,26.00,20.00,18.00,9.00,12.00
adição,Quanto é 12 + 15?,27.00,3.00,7.00,20.00,3.00
adição,Quanto é 12 + 16?,28.00,8.00,12.00,15.00,16.00
adição,Quanto é 12 + 17?,29.00,15.00,11.00,3.00,6.00
adição,Quanto é 12 + 18?,30.00,16.00,10.00,2.00,1.00
adição,Quanto é 12 + 19?,31.00,14.00,6.00,6.00,9.00
adição,Quanto é 12 + 20?,32.00,20.00,11.00,5.00,13.00
adição,Quanto é 13 + 1?,14.00,13.00,18.00,13.00,12.00
adição,Quanto é 13 + 2?,15.00,6.00,5.00,13.00,18.00
adição,Quanto é 13 + 3?,16.00,19.00,10.00,20.00,18.00
adição,Quanto é 13 + 4?,17.00,14.00,12.00,6.00,6.00
adição,Quanto é 13 + 5?,18.00,17.00,15.00,16.00,6.00
adição,Quanto é 13 + 6?,19.00,20.00,7.00,3.00,3.00
adição,Quanto é 13 + 7?,20.00,12.00,2.00,11.00,1.00
adição,Quanto é 13 + 8?,21.00,11.00,18.00,20.00,2.00
adição,Quanto é 13 + 9?,22.00,3.00,18.00,5.00,14.00
adição,Quanto é 13 + 10?,23.00,11.00,10.00,3.00,8.00
adição,Quanto é 13 + 11?,24.00,18.00,15.00,14.00,2.00
adição,Quanto é 13 + 12?,25.00,17.00,10.00,10.00,5.00
adição,Quanto é 13 + 13?,26.00,6.00,19.00,20.00,15.00
adição,Quanto é 13 + 14?,27.00,3.00,3.00,12.00,12.00
adição,Quanto é 13 + 15?,28.00,13.00,16.00,19.00,17.00
adição,Quanto é 13 + 16?,29.00,19.00,11.00,4.00,6.00
adição,Quanto é 13 + 17?,30.00,4.00,10.00,17.00,10.00
adição,Quanto é 13 + 18?,31.00,1.00,11.00,20.00,1.00
adição,Quanto é 13 + 19?,32.00,17.00,19.00,19.00,9.00
adição,Quanto é 13 + 20?,33.00,8.00,17.00,5.00,4.00
adição,Quanto é 14 + 1?,15.00,16.00,16.00,18.00,3.00
adição,Quanto é 14 + 2?,16.00,18.00,7.00,14.00,12.00
adição,Quanto é 14 + 3?,17.00,16.00,7.00,4.00,8.00
adição,Quanto é 14 + 4?,18.00,3.00,11.00,20.00,5.00
adição,Quanto é 14 + 5?,19.00,20.00,5.00,20.00,5.00
adição,Quanto é 14 + 6?,20.00,11.00,3.00,7.00,8.00
adição,Quanto é 14 + 7?,21.00,20.00,15.00,1.00,5.00
adição,Quanto é 14 + 8?,22.00,11.00,15.00,13.00,16.00
adição,Quanto é 14 + 9?,23.00,20.00,5.00,20.00,6.00
adição,Quanto é 14 + 10?,24.00,18.00,3.00,11.00,9.00
adição,Quanto é 14 + 11?,25.00,19.00,1.00,18.00,7.00
adição,Quanto é 14 + 12?,26.00,8.00,15.00,8.00,12.00
adição,Quanto é 14 + 13?,27.00,12.00,16.00,10.00,7.00
adição,Quanto é 14 + 14?,28.00,2.00,4.00,6.00,17.00
adição,Quanto é 14 + 15?,29.00,14.00,20.00,16.00,20.00
adição,Quanto é 14 + 16?,30.00,20.00,15.00,12.00,8.00
adição,Quanto é 14 + 17?,31.00,16.00,15.00,19.00,7.00
adição,Quanto é 14 + 18?,32.00,4.00,2.00,2.00,14.00
adição,Quanto é 14 + 19?,33.00,15.00,6.00,7.00,2.00
adição,Quanto é 14 + 20?,34.00,3.00,2.00,19.00,16.00
adição,Quanto é 15 + 1?,16.00,15.00,19.00,7.00,7.00
adição,Quanto é 15 + 2?,17.00,12.00,9.00,11.00,12.00
adição,Quanto é 15 + 3?,18.00,1.00,17.00,14.00,8.00
adição,Quanto é 15 + 4?,19.00,20.00,14.00,2.00,17.00
adição,Quanto é 15 + 5?,20.00,18.00,15.00,7.00,3.00
adição,Quanto é 15 + 6?,21.00,11.00,13.00,16.00,17.00
adição,Quanto é 15 + 7?,22.00,1.00,6.00,14.00,10.00
adição,Quanto é 15 + 8?,23.00,3.00,1.00,15.00,14.00
adição,Quanto é 15 + 9?,24.00,6.00,5.00,5.00,10.00
adição,Quanto é 15 + 10?,25.00,1.00,3.00,20.00,15.00
adição,Quanto é 15 + 11?,26.00,5.00,20.00,12.00,17.00
adição,Quanto é 15 + 12?,27.00,6.00,4.00,17.00,13.00
adição,Quanto é 15 + 13?,28.00,6.00,7.00,18.00,15.00
adição,Quanto é 15 + 14?,29.00,5.00,19.00,17.00,1.00
adição,Quanto é 15 + 15?,30.00,13.00,12.00,13.00,8.00
adição,Quanto é 15 + 16?,31.00,20.00,2.00,6.00,15.00
adição,Quanto é 15 + 17?,32.00,4.00,8.00,10.00,16.00
adição,Quanto é 15 + 18?,33.00,8.00,11.00,5.00,16.00
adição,Quanto é 15 + 19?,34.00,15.00,17.00,9.00,8.00
adição,Quanto é 15 + 20?,35.00,17.00,18.00,3.00,11.00
adição,Quanto é 16 + 1?,17.00,18.00,11.00,8.00,15.00
adição,Quanto é 16 + 2?,18.00,8.00,1.00,15.00,11.00
adição,Quanto é 16 + 3?,19.00,2.00,7.00,6.00,17.00
adição,Quanto é 16 + 4?,20.00,6.00,14.00,9.00,18.00
adição,Quanto é 16 + 5?,21.00,18.00,14.00,8.00,12.00
adição,Quanto é 16 + 6?,22.00,18.00,13.00,6.00,17.00
adição,Quanto é 16 + 7?,23.00,5.00,10.00,19.00,5.00
adição,Quanto é 16 + 8?,24.00,14.00,3.00,1.00,5.00
adição,Quanto é 16 + 9?,25.00,11.00,17.00,16.00,18.00
adição,Quanto é 16 + 10?,26.00,2.00,6.00,4.00,18.00
adição,Quanto é 16 + 11?,27.00,5.00,17.00,3.00,5.00
adição,Quanto é 16 + 12?,28.00,1.00,4.00,2.00,13.00
adição,Quanto é 16 + 13?,29.00,18.00,14.00,1.00,17.00
adição,Quanto é 16 + 14?,30.00,7.00,14.00,4.00,14.00
adição,Quanto é 16 + 15?,31.00,8.00,13.00,7.00,18.00
adição,Quanto é 16 + 16?,32.00,15.00,16.00,12.00,13.00
adição,Quanto é 16 + 17?,33.00,8.00,5.00,13.00,18.00
adição,Quanto é 16 + 18?,34.00,17.00,19.00,17.00,8.00
adição,Quanto é 16 + 19?,35.00,2.00,3.00,18.00,2.00
adição,Quanto é 16 + 20?,36.00,20.00,18.00,10.00,11.00
adição,Quanto é 17 + 1?,18.00,20.00,19.00,6.00,1.00
adição,Quanto é 17 + 2?,19.00,14.00,5.00,3.00,4.00
adição,Quanto é 17 + 3?,20.00,10.00,12.00,8.00,1.00
adição,Quanto é 17 + 4?,21.00,8.00,19.00,17.00,14.00
adição,Quanto é 17 + 5?,22.00,11.00,8.00,10.00,3.00
adição,Quanto é 17 + 6?,23.00,12.00,17.00,12.00,20.00
adição,Quanto é 17 + 7?,24.00,16.00,3.00,3.00,20.00
adição,Quanto é 17 + 8?,25.00,16.00,2.00,6.00,19.00
adição,Quanto é 17 + 9?,26.00,15.00,16.00,14.00,4.00
adição,Quanto é 17 + 10?,27.00,10.00,7.00,16.00,11.00
adição,Quanto é 17 + 11?,28.00,16.00,12.00,18.00,11.00
adição,Quanto é 17 + 12?,29.00,10.00,13.00,13.00,7.00
adição,Quanto é 17 + 13?,30.00,11.00,19.00,19.00,10.00
adição,Quanto é 17 + 14?,31.00,5.00,1.00,12.00,10.00
adição,Quanto é 17 + 15?,32.00,8.00,12.00,7.00,15.00
adição,Quanto é 17 + 16?,33.00,4.00,17.00,8.00,10.00
adição,Quanto é 17 + 17?,34.00,20.00,17.00,2.00,10.00
adição,Quanto é 17 + 18?,35.00,19.00,17.00,19.00,11.00
adição,Quanto é 17 + 19?,36.00,9.00,14.00,18.00,20.00
adição,Quanto é 17 + 20?,37.00,6.00,3.00,2.00,6.00
adição,Quanto é 18 + 1?,19.00,15.00,8.00,6.00,17.00
adição,Quanto é 18 + 2?,20.00,11.00,3.00,5.00,18.00
adição,Quanto é 18 + 3?,21.00,17.00,7.00,9.00,15.00
adição,Quanto é 18 + 4?,22.00,10.00,6.00,16.00,9.00
adição,Quanto é 18 + 5?,23.00,19.00,18.00,12.00,9.00
adição,Quanto é 18 + 6?,24.00,14.00,17.00,17.00,8.00
adição,Quanto é 18 + 7?,25.00,18.00,8.00,5.00,18.00
adição,Quanto é 18 + 8?,26.00,14.00,12.00,9.00,13.00
adição,Quanto é 18 + 9?,27.00,10.00,3.00,9.00,6.00
adição,Quanto é 18 + 10?,28.00,11.00,5.00,4.00,12.00
adição,Quanto é 18 + 11?,29.00,3.00,3.00,18.00,20.00
adição,Quanto é 18 + 12?,30.00,12.00,15.00,11.00,7.00
adição,Quanto é 18 + 13?,31.00,4.00,20.00,9.00,11.00
adição,Quanto é 18 + 14?,32.00,7.00,12.00,2.00,9.00
adição,Quanto é 18 + 15?,33.00,11.00,18.00,7.00,2.00
adição,Quanto é 18 + 16?,34.00,4.00,19.00,18.00,16.00
adição,Quanto é 18 + 17?,35.00,4.00,1.00,9.00,10.00
adição,Quanto é 18 + 18?,36.00,15.00,1.00,14.00,19.00
adição,Quanto é 18 + 19?,37.00,8.00,11.00,8.00,3.00
adição,Quanto é 18 + 20?,38.00,10.00,8.00,6.00,6.00
adição,Quanto é 19 + 1?,20.00,3.00,14.00,16.00,11.00
adição,Quanto é 19 + 2?,21.00,19.00,15.00,11.00,8.00
adição,Quanto é 19 + 3?,22.00,16.00,12.00,10.00,20.00
adição,Quanto é 19 + 4?,23.00,17.00,4.00,8.00,18.00
adição,Quanto é 19 + 5?,24.00,13.00,12.00,12.00,4.00
adição,Quanto é 19 + 6?,25.00,16.00,1.00,10.00,7.00
adição,Quanto é 19 + 7?,26.00,11.00,11.00,4.00,5.00
adição,Quanto é 19 + 8?,27.00,19.00,18.00,2.00,17.00
adição,Quanto é 19 + 9?,28.00,20.00,8.00,13.00,11.00
adição,Quanto é 19 + 10?,29.00,15.00,6.00,17.00,1.00
adição,Quanto é 19 + 11?,30.00,18.00,16.00,20.00,13.00
adição,Quanto é 19 + 12?,31.00,4.00,6.00,18.00,14.00
adição,Quanto é 19 + 13?,32.00,19.00,18.00,6.00,6.00
adição,Quanto é 19 + 14?,33.00,6.00,4.00,6.00,4.00
adição,Quanto é 19 + 15?,34.00,8.00,13.00,20.00,9.00
adição,Quanto é 19 + 16?,35.00,4.00,13.00,17.00,14.00
adição,Quanto é 19 + 17?,36.00,13.00,6.00,12.00,17.00
adição,Quanto é 19 + 18?,37.00,1.00,20.00,8.00,5.00
adição,Quanto é 19 + 19?,38.00,13.00,15.00,18.00,1.00
adição,Quanto é 19 + 20?,39.00,12.00,2.00,5.00,1.00
adição,Quanto é 20 + 1?,21.00,11.00,12.00,12.00,5.00
adição,Quanto é 20 + 2?,22.00,4.00,20.00,7.00,7.00
adição,Quanto é 20 + 3?,23.00,6.00,14.00,12.00,7.00
adição,Quanto é 20 + 4?,24.00,20.00,3.00,18.00,11.00
adição,Quanto é 20 + 5?,25.00,17.00,17.00,15.00,10.00
adição,Quanto é 20 + 6?,26.00,16.00,10.00,11.00,1.00
adição,Quanto é 20 + 7?,27.00,11.00,20.00,13.00,12.00
adição,Quanto é 20 + 8?,28.00,11.00,3.00,8.00,11.00
adição,Quanto é 20 + 9?,29.00,7.00,2.00,13.00,14.00
adição,Quanto é 20 + 10?,30.00,14.00,2.00,19.00,16.00
adição,Quanto é 20 + 11?,31.00,16.00,9.00,19.00,2.00
adição,Quanto é 20 + 12?,32.00,10.00,15.00,12.00,2.00
adição,Quanto é 20 + 13?,33.00,18.00,13.00,8.00,11.00
adição,Quanto é 20 + 14?,34.00,7.00,14.00,1.00,10.00
adição,Quanto é 20 + 15?,35.00,2.00,18.00,10.00,11.00
adição,Quanto é 20 + 16?,36.00,5.00,13.00,15.00,16.00
adição,Quanto é 20 + 17?,37.00,10.00,14.00,10.00,9.00
adição,Quanto é 20 + 18?,38.00,16.00,6.00,11.00,3.00
adição,Quanto é 20 + 19?,39.00,20.00,18.00,3.00,18.00
adição,Quanto é 20 + 20?,40.00,12.00,13.00,9.00,19.00
subtração,Quanto é 1 – 1?,0.00,7.00,4.00,16.00,16.00
subtração,Quanto é 1 – 2?,-1.00,7.00,9.00,5.00,4.00
subtração,Quanto é 1 – 3?,-2.00,16.00,13.00,15.00,4.00
subtração,Quanto é 1 – 4?,-3.00,19.00,19.00,15.00,2.00
subtração,Quanto é 1 – 5?,-4.00,18.00,14.00,10.00,19.00
subtração,Quanto é 1 – 6?,-5.00,1.00,5.00,7.00,9.00
subtração,Quanto é 1 – 7?,-6.00,4.00,17.00,12.00,7.00
subtração,Quanto é 1 – 8?,-7.00,5.00,17.00,20.00,11.00
subtração,Quanto é 1 – 9?,-8.00,18.00,13.00,18.00,8.00
subtração,Quanto é 1 – 10?,-9.00,2.00,5.00,20.00,7.00
subtração,Quanto é 1 – 11?,-10.00,1.00,12.00,20.00,11.00
subtração,Quanto é 1 – 12?,-11.00,10.00,6.00,7.00,1.00
subtração,Quanto é 1 – 13?,-12.00,12.00,17.00,3.00,8.00
subtração,Quanto é 1 – 14?,-13.00,13.00,14.00,15.00,6.00
subtração,Quanto é 1 – 15?,-14.00,7.00,13.00,20.00,12.00
subtração,Quanto é 1 – 16?,-15.00,3.00,6.00,5.00,10.00
subtração,Quanto é 1 – 17?,-16.00,7.00,19.00,20.00,20.00
subtração,Quanto é 1 – 18?,-17.00,12.00,3.00,6.00,16.00
subtração,Quanto é 1 – 19?,-18.00,2.00,5.00,6.00,1.00
subtração,Quanto é 1 – 20?,-19.00,9.00,2.00,15.00,10.00
subtração,Quanto é 2 – 1?,1.00,14.00,20.00,10.00,3.00
subtração,Quanto é 2 – 2?,0.00,7.00,20.00,5.00,20.00
subtração,Quanto é 2 – 3?,-1.00,5.00,8.00,1.00,1.00
subtração,Quanto é 2 – 4?,-2.00,9.00,1.00,2.00,10.00
subtração,Quanto é 2 – 5?,-3.00,14.00,9.00,10.00,10.00
subtração,Quanto é 2 – 6?,-4.00,19.00,5.00,4.00,2.00
subtração,Quanto é 2 – 7?,-5.00,1.00,13.00,11.00,6.00
subtração,Quanto é 2 – 8?,-6.00,16.00,15.00,15.00,8.00
subtração,Quanto é 2 – 9?,-7.00,18.00,18.00,9.00,10.00
subtração,Quanto é 2 – 10?,-8.00,3.00,10.00,9.00,2.00
subtração,Quanto é 2 – 11?,-9.00,2.00,16.00,16.00,14.00
subtração,Quanto é 2 – 12?,-10.00,4.00,8.00,12.00,11.00
subtração,Quanto é 2 – 13?,-11.00,14.00,16.00,3.00,20.00
subtração,Quanto é 2 – 14?,-12.00,1.00,2.00,9.00,11.00
subtração,Quanto é 2 – 15?,-13.00,16.00,20.00,15.00,18.00
subtração,Quanto é 2 – 16?,-14.00,18.00,7.00,1.00,20.00
subtração,Quanto é 2 – 17?,-15.00,1.00,13.00,10.00,17.00
subtração,Quanto é 2 – 18?,-16.00,5.00,18.00,5.00,10.00
subtração,Quanto é 2 – 19?,-17.00,9.00,16.00,18.00,9.00
subtração,Quanto é 2 – 20?,-18.00,3.00,2.00,20.00,7.00
subtração,Quanto é 3 – 1?,2.00,9.00,9.00,17.00,3.00
subtração,Quanto é 3 – 2?,1.00,5.00,12.00,6.00,13.00
subtração,Quanto é 3 – 3?,0.00,10.00,9.00,6.00,20.00
subtração,Quanto é 3 – 4?,-1.00,9.00,3.00,19.00,6.00
subtração,Quanto é 3 – 5?,-2.00,2.00,2.00,17.00,5.00
subtração,Quanto é 3 – 6?,-3.00,2.00,18.00,6.00,12.00
subtração,Quanto é 3 – 7?,-4.00,2.00,6.00,15.00,8.00
subtração,Quanto é 3 – 8?,-5.00,10.00,15.00,20.00,15.00
subtração,Quanto é 3 – 9?,-6.00,6.00,13.00,12.00,7.00
subtração,Quanto é 3 – 10?,-7.00,12.00,14.00,13.00,14.00
subtração,Quanto é 3 – 11?,-8.00,2.00,15.00,10.00,9.00
subtração,Quanto é 3 – 12?,-9.00,16.00,6.00,4.00,18.00
subtração,Quanto é 3 – 13?,-10.00,10.00,12.00,16.00,15.00
subtração,Quanto é 3 – 14?,-11.00,16.00,16.00,10.00,13.00
subtração,Quanto é 3 – 15?,-12.00,15.00,3.00,20.00,4.00
subtração,Quanto é 3 – 16?,-13.00,19.00,5.00,18.00,12.00
subtração,Quanto é 3 – 17?,-14.00,13.00,7.00,5.00,13.00
subtração,Quanto é 3 – 18?,-15.00,7.00,9.00,1.00,18.00
subtração,Quanto é 3 – 19?,-16.00,17.00,13.00,10.00,4.00
subtração,Quanto é 3 – 20?,-17.00,15.00,7.00,12.00,9.00
subtração,Quanto é 4 – 1?,3.00,13.00,15.00,1.00,7.00
subtração,Quanto é 4 – 2?,2.00,20.00,7.00,8.00,15.00
subtração,Quanto é 4 – 3?,1.00,14.00,15.00,19.00,15.00
subtração,Quanto é 4 – 4?,0.00,2.00,14.00,2.00,10.00
subtração,Quanto é 4 – 5?,-1.00,9.00,20.00,14.00,19.00
subtração,Quanto é 4 – 6?,-2.00,16.00,19.00,7.00,8.00
subtração,Quanto é 4 – 7?,-3.00,8.00,16.00,18.00,10.00
subtração,Quanto é 4 – 8?,-4.00,11.00,8.00,13.00,20.00
subtração,Quanto é 4 – 9?,-5.00,12.00,10.00,6.00,16.00
subtração,Quanto é 4 – 10?,-6.00,3.00,14.00,10.00,1.00
subtração,Quanto é 4 – 11?,-7.00,17.00,18.00,8.00,4.00
subtração,Quanto é 4 – 12?,-8.00,16.00,20.00,10.00,17.00
subtração,Quanto é 4 – 13?,-9.00,20.00,7.00,9.00,7.00
subtração,Quanto é 4 – 14?,-10.00,11.00,5.00,3.00,2.00
subtração,Quanto é 4 – 15?,-11.00,1.00,16.00,16.00,17.00
subtração,Quanto é 4 – 16?,-12.00,20.00,1.00,11.00,2.00
subtração,Quanto é 4 – 17?,-13.00,13.00,18.00,1.00,2.00
subtração,Quanto é 4 – 18?,-14.00,20.00,19.00,19.00,18.00
subtração,Quanto é 4 – 19?,-15.00,6.00,16.00,9.00,11.00
subtração,Quanto é 4 – 20?,-16.00,13.00,20.00,3.00,19.00
subtração,Quanto é 5 – 1?,4.00,8.00,7.00,12.00,9.00
subtração,Quanto é 5 – 2?,3.00,13.00,10.00,18.00,16.00
subtração,Quanto é 5 – 3?,2.00,20.00,1.00,4.00,11.00
subtração,Quanto é 5 – 4?,1.00,14.00,14.00,20.00,5.00
subtração,Quanto é 5 – 5?,0.00,9.00,6.00,8.00,1.00
subtração,Quanto é 5 – 6?,-1.00,19.00,3.00,4.00,15.00
subtração,Quanto é 5 – 7?,-2.00,11.00,13.00,5.00,6.00
subtração,Quanto é 5 – 8?,-3.00,10.00,9.00,6.00,6.00
subtração,Quanto é 5 – 9?,-4.00,1.00,12.00,3.00,11.00
subtração,Quanto é 5 – 10?,-5.00,15.00,14.00,16.00,5.00
subtração,Quanto é 5 – 11?,-6.00,9.00,4.00,11.00,17.00
subtração,Quanto é 5 – 12?,-7.00,9.00,20.00,14.00,15.00
subtração,Quanto é 5 – 13?,-8.00,12.00,14.00,2.00,7.00
subtração,Quanto é 5 – 14?,-9.00,17.00,8.00,15.00,2.00
subtração,Quanto é 5 – 15?,-10.00,10.00,11.00,13.00,10.00
subtração,Quanto é 5 – 16?,-11.00,16.00,11.00,8.00,15.00
subtração,Quanto é 5 – 17?,-12.00,19.00,11.00,19.00,3.00
subtração,Quanto é 5 – 18?,-13.00,19.00,18.00,8.00,18.00
subtração,Quanto é 5 – 19?,-14.00,13.00,14.00,8.00,11.00
subtração,Quanto é 5 – 20?,-15.00,12.00,1.00,3.00,13.00
subtração,Quanto é 6 – 1?,5.00,1.00,1.00,3.00,2.00
subtração,Quanto é 6 – 2?,4.00,7.00,8.00,13.00,7.00
subtração,Quanto é 6 – 3?,3.00,5.00,2.00,19.00,6.00
subtração,Quanto é 6 – 4?,2.00,4.00,8.00,7.00,11.00
subtração,Quanto é 6 – 5?,1.00,15.00,6.00,7.00,10.00
subtração,Quanto é 6 – 6?,0.00,18.00,11.00,2.00,2.00
subtração,Quanto é 6 – 7?,-1.00,6.00,7.00,9.00,10.00
subtração,Quanto é 6 – 8?,-2.00,16.00,16.00,19.00,10.00
subtração,Quanto é 6 – 9?,-3.00,9.00,13.00,15.00,16.00
subtração,Quanto é 6 – 10?,-4.00,19.00,16.00,10.00,9.00
subtração,Quanto é 6 – 11?,-5.00,1.00,13.00,8.00,3.00
subtração,Quanto é 6 – 12?,-6.00,16.00,14.00,2.00,4.00
subtração,Quanto é 6 – 13?,-7.00,5.00,2.00,5.00,10.00
subtração,Quanto é 6 – 14?,-8.00,2.00,10.00,18.00,14.00
subtração,Quanto é 6 – 15?,-9.00,7.00,10.00,14.00,17.00
subtração,Quanto é 6 – 16?,-10.00,17.00,5.00,8.00,14.00
subtração,Quanto é 6 – 17?,-11.00,8.00,12.00,19.00,19.00
subtração,Quanto é 6 – 18?,-12.00,17.00,13.00,13.00,12.00
subtração,Quanto é 6 – 19?,-13.00,5.00,14.00,7.00,13.00
subtração,Quanto é 6 – 20?,-14.00,13.00,16.00,9.00,3.00
subtração,Quanto é 7 – 1?,6.00,17.00,15.00,20.00,8.00
subtração,Quanto é 7 – 2?,5.00,12.00,8.00,6.00,13.00
subtração,Quanto é 7 – 3?,4.00,17.00,3.00,10.00,3.00
subtração,Quanto é 7 – 4?,3.00,16.00,15.00,18.00,2.00
subtração,Quanto é 7 – 5?,2.00,8.00,13.00,17.00,9.00
subtração,Quanto é 7 – 6?,1.00,18.00,6.00,5.00,16.00
subtração,Quanto é 7 – 7?,0.00,7.00,6.00,4.00,16.00
subtração,Quanto é 7 – 8?,-1.00,12.00,1.00,6.00,18.00
subtração,Quanto é 7 – 9?,-2.00,8.00,16.00,17.00,7.00
subtração,Quanto é 7 – 10?,-3.00,11.00,20.00,13.00,13.00
subtração,Quanto é 7 – 11?,-4.00,10.00,18.00,1.00,3.00
subtração,Quanto é 7 – 12?,-5.00,9.00,12.00,9.00,4.00
subtração,Quanto é 7 – 13?,-6.00,20.00,18.00,13.00,20.00
subtração,Quanto é 7 – 14?,-7.00,13.00,13.00,13.00,8.00
subtração,Quanto é 7 – 15?,-8.00,9.00,3.00,16.00,18.00
subtração,Quanto é 7 – 16?,-9.00,20.00,3.00,4.00,9.00
subtração,Quanto é 7 – 17?,-10.00,8.00,7.00,13.00,9.00
subtração,Quanto é 7 – 18?,-11.00,11.00,14.00,2.00,9.00
subtração,Quanto é 7 – 19?,-12.00,9.00,6.00,17.00,4.00
subtração,Quanto é 7 – 20?,-13.00,2.00,20.00,4.00,5.00
subtração,Quanto é 8 – 1?,7.00,9.00,19.00,11.00,16.00
subtração,Quanto é 8 – 2?,6.00,15.00,13.00,11.00,16.00
subtração,Quanto é 8 – 3?,5.00,3.00,7.00,9.00,14.00
subtração,Quanto é 8 – 4?,4.00,18.00,14.00,9.00,9.00
subtração,Quanto é 8 – 5?,3.00,7.00,18.00,8.00,5.00
subtração,Quanto é 8 – 6?,2.00,6.00,15.00,16.00,15.00
subtração,Quanto é 8 – 7?,1.00,18.00,9.00,8.00,9.00
subtração,Quanto é 8 – 8?,0.00,3.00,2.00,19.00,6.00
subtração,Quanto é 8 – 9?,-1.00,6.00,16.00,13.00,16.00
subtração,Quanto é 8 – 10?,-2.00,3.00,9.00,9.00,14.00
subtração,Quanto é 8 – 11?,-3.00,1.00,3.00,10.00,1.00
subtração,Quanto é 8 – 12?,-4.00,18.00,10.00,1.00,3.00
subtração,Quanto é 8 – 13?,-5.00,11.00,10.00,2.00,1.00
subtração,Quanto é 8 – 14?,-6.00,13.00,3.00,4.00,11.00
subtração,Quanto é 8 – 15?,-7.00,4.00,14.00,19.00,20.00
subtração,Quanto é 8 – 16?,-8.00,8.00,19.00,12.00,18.00
subtração,Quanto é 8 – 17?,-9.00,20.00,12.00,18.00,18.00
subtração,Quanto é 8 – 18?,-10.00,19.00,1.00,12.00,18.00
subtração,Quanto é 8 – 19?,-11.00,11.00,13.00,1.00,12.00
subtração,Quanto é 8 – 20?,-12.00,2.00,17.00,7.00,17.00
subtração,Quanto é 9 – 1?,8.00,5.00,3.00,11.00,12.00
subtração,Quanto é 9 – 2?,7.00,20.00,17.00,1.00,17.00
subtração,Quanto é 9 – 3?,6.00,4.00,20.00,16.00,8.00
subtração,Quanto é 9 – 4?,5.00,9.00,4.00,11.00,20.00
subtração,Quanto é 9 – 5?,4.00,1.00,2.00,15.00,11.00
subtração,Quanto é 9 – 6?,3.00,5.00,6.00,18.00,16.00
subtração,Quanto é 9 – 7?,2.00,12.00,3.00,13.00,17.00
subtração,Quanto é 9 – 8?,1.00,14.00,2.00,12.00,4.00
subtração,Quanto é 9 – 9?,0.00,18.00,18.00,17.00,1.00
subtração,Quanto é 9 – 10?,-1.00,13.00,18.00,16.00,2.00
subtração,Quanto é 9 – 11?,-2.00,7.00,17.00,14.00,15.00
subtração,Quanto é 9 – 12?,-3.00,7.00,10.00,13.00,18.00
subtração,Quanto é 9 – 13?,-4.00,3.00,11.00,8.00,13.00
subtração,Quanto é 9 – 14?,-5.00,2.00,8.00,13.00,4.00
subtração,Quanto é 9 – 15?,-6.00,4.00,6.00,2.00,18.00
subtração,Quanto é 9 – 16?,-7.00,11.00,18.00,1.00,12.00
subtração,Quanto é 9 – 17?,-8.00,16.00,13.00,3.00,14.00
subtração,Quanto é 9 – 18?,-9.00,16.00,15.00,19.00,18.00
subtração,Quanto é 9 – 19?,-10.00,18.00,15.00,3.00,2.00
subtração,Quanto é 9 – 20?,-11.00,2.00,8.00,13.00,10.00
subtração,Quanto é 10 – 1?,9.00,11.00,1.00,12.00,3.00
subtração,Quanto é 10 – 2?,8.00,10.00,3.00,7.00,3.00
subtração,Quanto é 10 – 3?,7.00,16.00,6.00,12.00,3.00
subtração,Quanto é 10 – 4?,6.00,7.00,10.00,7.00,7.00
subtração,Quanto é 10 – 5?,5.00,10.00,14.00,2.00,15.00
subtração,Quanto é 10 – 6?,4.00,8.00,7.00,6.00,13.00
subtração,Quanto é 10 – 7?,3.00,4.00,19.00,14.00,8.00
subtração,Quanto é 10 – 8?,2.00,19.00,11.00,15.00,3.00
subtração,Quanto é 10 – 9?,1.00,5.00,20.00,10.00,9.00
subtração,Quanto é 10 – 10?,0.00,7.00,3.00,6.00,5.00
subtração,Quanto é 10 – 11?,-1.00,6.00,20.00,6.00,5.00
subtração,Quanto é 10 – 12?,-2.00,14.00,1.00,12.00,16.00
subtração,Quanto é 10 – 13?,-3.00,13.00,1.00,19.00,2.00
subtração,Quanto é 10 – 14?,-4.00,12.00,1.00,15.00,6.00
subtração,Quanto é 10 – 15?,-5.00,19.00,4.00,1.00,6.00
subtração,Quanto é 10 – 16?,-6.00,2.00,6.00,16.00,15.00
subtração,Quanto é 10 – 17?,-7.00,5.00,2.00,19.00,4.00
subtração,Quanto é 10 – 18?,-8.00,5.00,13.00,4.00,1.00
subtração,Quanto é 10 – 19?,-9.00,2.00,16.00,8.00,1.00
subtração,Quanto é 10 – 20?,-10.00,16.00,7.00,18.00,19.00
subtração,Quanto é 11 – 1?,10.00,11.00,19.00,17.00,13.00
subtração,Quanto é 11 – 2?,9.00,16.00,6.00,19.00,15.00
subtração,Quanto é 11 – 3?,8.00,18.00,12.00,18.00,16.00
subtração,Quanto é 11 – 4?,7.00,4.00,5.00,6.00,20.00
subtração,Quanto é 11 – 5?,6.00,2.00,7.00,13.00,12.00
subtração,Quanto é 11 – 6?,5.00,3.00,13.00,8.00,15.00
subtração,Quanto é 11 – 7?,4.00,6.00,1.00,2.00,14.00
subtração,Quanto é 11 – 8?,3.00,6.00,13.00,12.00,6.00
subtração,Quanto é 11 – 9?,2.00,5.00,7.00,11.00,15.00
subtração,Quanto é 11 – 10?,1.00,10.00,15.00,10.00,18.00
subtração,Quanto é 11 – 11?,0.00,2.00,13.00,1.00,9.00
subtração,Quanto é 11 – 12?,-1.00,6.00,16.00,10.00,12.00
subtração,Quanto é 11 – 13?,-2.00,6.00,19.00,20.00,9.00
subtração,Quanto é 11 – 14?,-3.00,5.00,16.00,4.00,9.00
subtração,Quanto é 11 – 15?,-4.00,9.00,2.00,11.00,15.00
subtração,Quanto é 11 – 16?,-5.00,13.00,13.00,11.00,12.00
subtração,Quanto é 11 – 17?,-6.00,8.00,17.00,5.00,2.00
subtração,Quanto é 11 – 18?,-7.00,8.00,6.00,14.00,13.00
subtração,Quanto é 11 – 19?,-8.00,11.00,5.00,3.00,12.00
subtração,Quanto é 11 – 20?,-9.00,3.00,16.00,2.00,10.00
subtração,Quanto é 12 – 1?,11.00,19.00,4.00,1.00,3.00
subtração,Quanto é 12 – 2?,10.00,2.00,8.00,16.00,20.00
subtração,Quanto é 12 – 3?,9.00,13.00,6.00,18.00,17.00
subtração,Quanto é 12 – 4?,8.00,11.00,3.00,2.00,19.00
subtração,Quanto é 12 – 5?,7.00,2.00,8.00,4.00,14.00
subtração,Quanto é 12 – 6?,6.00,19.00,8.00,1.00,4.00
subtração,Quanto é 12 – 7?,5.00,15.00,19.00,13.00,8.00
subtração,Quanto é 12 – 8?,4.00,11.00,11.00,20.00,9.00
subtração,Quanto é 12 – 9?,3.00,18.00,1.00,16.00,1.00
subtração,Quanto é 12 – 10?,2.00,19.00,12.00,16.00,5.00
subtração,Quanto é 12 – 11?,1.00,2.00,10.00,17.00,2.00
subtração,Quanto é 12 – 12?,0.00,17.00,6.00,4.00,18.00
subtração,Quanto é 12 – 13?,-1.00,18.00,8.00,7.00,19.00
subtração,Quanto é 12 – 14?,-2.00,7.00,10.00,15.00,7.00
subtração,Quanto é 12 – 15?,-3.00,3.00,20.00,3.00,4.00
subtração,Quanto é 12 – 16?,-4.00,20.00,5.00,7.00,17.00
subtração,Quanto é 12 – 17?,-5.00,18.00,8.00,20.00,15.00
subtração,Quanto é 12 – 18?,-6.00,5.00,19.00,19.00,1.00
subtração,Quanto é 12 – 19?,-7.00,18.00,8.00,1.00,15.00
subtração,Quanto é 12 – 20?,-8.00,11.00,20.00,19.00,17.00
subtração,Quanto é 13 – 1?,12.00,1.00,11.00,11.00,15.00
subtração,Quanto é 13 – 2?,11.00,2.00,12.00,7.00,6.00
subtração,Quanto é 13 – 3?,10.00,7.00,11.00,17.00,6.00
subtração,Quanto é 13 – 4?,9.00,4.00,16.00,11.00,11.00
subtração,Quanto é 13 – 5?,8.00,3.00,6.00,3.00,13.00
subtração,Quanto é 13 – 6?,7.00,5.00,9.00,13.00,16.00
subtração,Quanto é 13 – 7?,6.00,15.00,19.00,10.00,18.00
subtração,Quanto é 13 – 8?,5.00,12.00,6.00,1.00,6.00
subtração,Quanto é 13 – 9?,4.00,11.00,6.00,15.00,9.00
subtração,Quanto é 13 – 10?,3.00,9.00,19.00,6.00,6.00
subtração,Quanto é 13 – 11?,2.00,20.00,18.00,8.00,20.00
subtração,Quanto é 13 – 12?,1.00,13.00,12.00,9.00,11.00
subtração,Quanto é 13 – 13?,0.00,13.00,17.00,17.00,17.00
subtração,Quanto é 13 – 14?,-1.00,17.00,15.00,5.00,1.00
subtração,Quanto é 13 – 15?,-2.00,11.00,20.00,7.00,10.00
subtração,Quanto é 13 – 16?,-3.00,14.00,9.00,20.00,16.00
subtração,Quanto é 13 – 17?,-4.00,1.00,18.00,11.00,1.00
subtração,Quanto é 13 – 18?,-5.00,9.00,16.00,8.00,17.00
subtração,Quanto é 13 – 19?,-6.00,15.00,13.00,14.00,6.00
subtração,Quanto é 13 – 20?,-7.00,17.00,5.00,12.00,20.00
subtração,Quanto é 14 – 1?,13.00,12.00,16.00,7.00,5.00
subtração,Quanto é 14 – 2?,12.00,7.00,4.00,3.00,4.00
subtração,Quanto é 14 – 3?,11.00,5.00,16.00,16.00,15.00
subtração,Quanto é 14 – 4?,10.00,11.00,19.00,19.00,11.00
subtração,Quanto é 14 – 5?,9.00,12.00,10.00,11.00,20.00
subtração,Quanto é 14 – 6?,8.00,1.00,10.00,20.00,3.00
subtração,Quanto é 14 – 7?,7.00,10.00,2.00,4.00,11.00
subtração,Quanto é 14 – 8?,6.00,16.00,20.00,9.00,16.00
subtração,Quanto é 14 – 9?,5.00,14.00,3.00,20.00,1.00
subtração,Quanto é 14 – 10?,4.00,5.00,15.00,10.00,5.00
subtração,Quanto é 14 – 11?,3.00,20.00,19.00,20.00,20.00
subtração,Quanto é 14 – 12?,2.00,11.00,3.00,5.00,14.00
subtração,Quanto é 14 – 13?,1.00,20.00,13.00,10.00,8.00
subtração,Quanto é 14 – 14?,0.00,10.00,6.00,3.00,14.00
subtração,Quanto é 14 – 15?,-1.00,20.00,6.00,4.00,5.00
subtração,Quanto é 14 – 16?,-2.00,6.00,19.00,4.00,5.00
subtração,Quanto é 14 – 17?,-3.00,17.00,4.00,8.00,7.00
subtração,Quanto é 14 – 18?,-4.00,14.00,8.00,20.00,3.00
subtração,Quanto é 14 – 19?,-5.00,8.00,7.00,6.00,18.00
subtração,Quanto é 14 – 20?,-6.00,9.00,12.00,19.00,9.00
subtração,Quanto é 15 – 1?,14.00,2.00,17.00,6.00,5.00
subtração,Quanto é 15 – 2?,13.00,10.00,3.00,7.00,6.00
subtração,Quanto é 15 – 3?,12.00,16.00,16.00,9.00,13.00
subtração,Quanto é 15 – 4?,11.00,15.00,8.00,18.00,6.00
subtração,Quanto é 15 – 5?,10.00,2.00,11.00,19.00,4.00
subtração,Quanto é 15 – 6?,9.00,7.00,20.00,6.00,10.00
subtração,Quanto é 15 – 7?,8.00,5.00,11.00,3.00,6.00
subtração,Quanto é 15 – 8?,7.00,11.00,16.00,8.00,12.00
subtração,Quanto é 15 – 9?,6.00,19.00,16.00,4.00,16.00
subtração,Quanto é 15 – 10?,5.00,13.00,15.00,18.00,20.00
subtração,Quanto é 15 – 11?,4.00,17.00,3.00,17.00,13.00
subtração,Quanto é 15 – 12?,3.00,10.00,10.00,20.00,5.00
subtração,Quanto é 15 – 13?,2.00,3.00,4.00,17.00,16.00
subtração,Quanto é 15 – 14?,1.00,7.00,4.00,8.00,12.00
subtração,Quanto é 15 – 15?,0.00,1.00,5.00,11.00,17.00
subtração,Quanto é 15 – 16?,-1.00,7.00,9.00,20.00,16.00
subtração,Quanto é 15 – 17?,-2.00,3.00,19.00,20.00,12.00
subtração,Quanto é 15 – 18?,-3.00,19.00,17.00,11.00,15.00
subtração,Quanto é 15 – 19?,-4.00,8.00,6.00,6.00,18.00
subtração,Quanto é 15 – 20?,-5.00,20.00,10.00,1.00,20.00
subtração,Quanto é 16 – 1?,15.00,16.00,19.00,12.00,4.00
subtração,Quanto é 16 – 2?,14.00,18.00,16.00,11.00,17.00
subtração,Quanto é 16 – 3?,13.00,19.00,6.00,1.00,17.00
subtração,Quanto é 16 – 4?,12.00,2.00,7.00,2.00,5.00
subtração,Quanto é 16 – 5?,11.00,1.00,13.00,15.00,20.00
subtração,Quanto é 16 – 6?,10.00,1.00,3.00,13.00,13.00
subtração,Quanto é 16 – 7?,9.00,4.00,15.00,15.00,2.00
subtração,Quanto é 16 – 8?,8.00,16.00,18.00,17.00,7.00
subtração,Quanto é 16 – 9?,7.00,4.00,11.00,20.00,8.00
subtração,Quanto é 16 – 10?,6.00,11.00,20.00,19.00,13.00
subtração,Quanto é 16 – 11?,5.00,3.00,19.00,20.00,3.00
subtração,Quanto é 16 – 12?,4.00,7.00,16.00,2.00,10.00
subtração,Quanto é 16 – 13?,3.00,20.00,14.00,13.00,7.00
subtração,Quanto é 16 – 14?,2.00,3.00,12.00,17.00,17.00
subtração,Quanto é 16 – 15?,1.00,6.00,5.00,5.00,3.00
subtração,Quanto é 16 – 16?,0.00,8.00,19.00,5.00,1.00
subtração,Quanto é 16 – 17?,-1.00,8.00,19.00,16.00,11.00
subtração,Quanto é 16 – 18?,-2.00,17.00,17.00,14.00,19.00
subtração,Quanto é 16 – 19?,-3.00,17.00,15.00,15.00,18.00
subtração,Quanto é 16 – 20?,-4.00,16.00,4.00,6.00,20.00
subtração,Quanto é 17 – 1?,16.00,18.00,8.00,10.00,6.00
subtração,Quanto é 17 – 2?,15.00,12.00,4.00,3.00,20.00
subtração,Quanto é 17 – 3?,14.00,19.00,11.00,2.00,10.00
subtração,Quanto é 17 – 4?,13.00,20.00,5.00,8.00,16.00
subtração,Quanto é 17 – 5?,12.00,9.00,10.00,5.00,13.00
subtração,Quanto é 17 – 6?,11.00,12.00,17.00,10.00,8.00
subtração,Quanto é 17 – 7?,10.00,15.00,11.00,7.00,14.00
subtração,Quanto é 17 – 8?,9.00,19.00,14.00,7.00,12.00
subtração,Quanto é 17 – 9?,8.00,20.00,11.00,4.00,2.00
subtração,Quanto é 17 – 10?,7.00,18.00,16.00,17.00,13.00
subtração,Quanto é 17 – 11?,6.00,15.00,4.00,3.00,19.00
subtração,Quanto é 17 – 12?,5.00,20.00,11.00,15.00,20.00
subtração,Quanto é 17 – 13?,4.00,6.00,6.00,14.00,6.00
subtração,Quanto é 17 – 14?,3.00,7.00,11.00,8.00,20.00
subtração,Quanto é 17 – 15?,2.00,20.00,9.00,5.00,6.00
subtração,Quanto é 17 – 16?,1.00,9.00,6.00,2.00,15.00
subtração,Quanto é 17 – 17?,0.00,15.00,12.00,3.00,15.00
subtração,Quanto é 17 – 18?,-1.00,14.00,14.00,3.00,3.00
subtração,Quanto é 17 – 19?,-2.00,15.00,13.00,11.00,12.00
subtração,Quanto é 17 – 20?,-3.00,7.00,1.00,12.00,11.00
subtração,Quanto é 18 – 1?,17.00,16.00,19.00,12.00,10.00
subtração,Quanto é 18 – 2?,16.00,2.00,1.00,19.00,12.00
subtração,Quanto é 18 – 3?,15.00,10.00,16.00,4.00,5.00
subtração,Quanto é 18 – 4?,14.00,20.00,5.00,6.00,4.00
subtração,Quanto é 18 – 5?,13.00,7.00,10.00,16.00,15.00
subtração,Quanto é 18 – 6?,12.00,11.00,11.00,3.00,3.00
subtração,Quanto é 18 – 7?,11.00,17.00,18.00,4.00,8.00
subtração,Quanto é 18 – 8?,10.00,19.00,5.00,3.00,15.00
subtração,Quanto é 18 – 9?,9.00,19.00,11.00,6.00,18.00
subtração,Quanto é 18 – 10?,8.00,17.00,6.00,14.00,4.00
subtração,Quanto é 18 – 11?,7.00,17.00,8.00,4.00,9.00
subtração,Quanto é 18 – 12?,6.00,15.00,19.00,4.00,9.00
subtração,Quanto é 18 – 13?,5.00,16.00,11.00,3.00,8.00
subtração,Quanto é 18 – 14?,4.00,7.00,9.00,1.00,16.00
subtração,Quanto é 18 – 15?,3.00,20.00,6.00,14.00,2.00
subtração,Quanto é 18 – 16?,2.00,17.00,20.00,12.00,12.00
subtração,Quanto é 18 – 17?,1.00,8.00,14.00,10.00,18.00
subtração,Quanto é 18 – 18?,0.00,13.00,20.00,20.00,15.00
subtração,Quanto é 18 – 19?,-1.00,1.00,2.00,14.00,19.00
subtração,Quanto é 18 – 20?,-2.00,4.00,20.00,2.00,6.00
subtração,Quanto é 19 – 1?,18.00,15.00,2.00,19.00,13.00
subtração,Quanto é 19 – 2?,17.00,10.00,10.00,9.00,15.00
subtração,Quanto é 19 – 3?,16.00,15.00,5.00,9.00,4.00
subtração,Quanto é 19 – 4?,15.00,19.00,2.00,7.00,20.00
subtração,Quanto é 19 – 5?,14.00,19.00,2.00,5.00,13.00
subtração,Quanto é 19 – 6?,13.00,1.00,11.00,20.00,20.00
subtração,Quanto é 19 – 7?,12.00,6.00,17.00,7.00,20.00
subtração,Quanto é 19 – 8?,11.00,13.00,16.00,5.00,12.00
subtração,Quanto é 19 – 9?,10.00,3.00,13.00,14.00,1.00
subtração,Quanto é 19 – 10?,9.00,6.00,12.00,2.00,18.00
subtração,Quanto é 19 – 11?,8.00,16.00,9.00,20.00,7.00
subtração,Quanto é 19 – 12?,7.00,4.00,14.00,13.00,11.00
subtração,Quanto é 19 – 13?,6.00,1.00,16.00,2.00,9.00
subtração,Quanto é 19 – 14?,5.00,18.00,11.00,18.00,3.00
subtração,Quanto é 19 – 15?,4.00,2.00,20.00,10.00,17.00
subtração,Quanto é 19 – 16?,3.00,4.00,1.00,11.00,9.00
subtração,Quanto é 19 – 17?,2.00,10.00,17.00,11.00,12.00
subtração,Quanto é 19 – 18?,1.00,19.00,13.00,16.00,18.00
subtração,Quanto é 19 – 19?,0.00,8.00,10.00,14.00,15.00
subtração,Quanto é 19 – 20?,-1.00,9.00,9.00,20.00,19.00
subtração,Quanto é 20 – 1?,19.00,16.00,11.00,9.00,11.00
subtração,Quanto é 20 – 2?,18.00,2.00,19.00,2.00,12.00
subtração,Quanto é 20 – 3?,17.00,16.00,15.00,18.00,12.00
subtração,Quanto é 20 – 4?,16.00,13.00,18.00,15.00,5.00
subtração,Quanto é 20 – 5?,15.00,14.00,2.00,6.00,8.00
subtração,Quanto é 20 – 6?,14.00,11.00,1.00,3.00,10.00
subtração,Quanto é 20 – 7?,13.00,20.00,8.00,4.00,8.00
subtração,Quanto é 20 – 8?,12.00,11.00,1.00,11.00,20.00
subtração,Quanto é 20 – 9?,11.00,15.00,6.00,15.00,7.00
subtração,Quanto é 20 – 10?,10.00,6.00,2.00,18.00,16.00
subtração,Quanto é 20 – 11?,9.00,17.00,20.00,5.00,19.00
subtração,Quanto é 20 – 12?,8.00,9.00,10.00,19.00,2.00
subtração,Quanto é 20 – 13?,7.00,19.00,3.00,20.00,19.00
subtração,Quanto é 20 – 14?,6.00,1.00,20.00,11.00,5.00
subtração,Quanto é 20 – 15?,5.00,7.00,6.00,16.00,3.00
subtração,Quanto é 20 – 16?,4.00,17.00,7.00,18.00,5.00
subtração,Quanto é 20 – 17?,3.00,6.00,5.00,18.00,12.00
subtração,Quanto é 20 – 18?,2.00,10.00,13.00,13.00,14.00
subtração,Quanto é 20 – 19?,1.00,10.00,7.00,19.00,4.00
subtração,Quanto é 20 – 20?,0.00,5.00,7.00,18.00,2.00
multiplicação,Quanto é 1 × 1?,1.00,14.00,20.00,15.00,18.00
multiplicação,Quanto é 1 × 2?,2.00,6.00,10.00,12.00,18.00
multiplicação,Quanto é 1 × 3?,3.00,18.00,13.00,11.00,13.00
multiplicação,Quanto é 1 × 4?,4.00,20.00,9.00,8.00,3.00
multiplicação,Quanto é 1 × 5?,5.00,14.00,18.00,7.00,8.00
multiplicação,Quanto é 1 × 6?,6.00,8.00,13.00,16.00,11.00
multiplicação,Quanto é 1 × 7?,7.00,16.00,2.00,12.00,9.00
multiplicação,Quanto é 1 × 8?,8.00,7.00,12.00,17.00,15.00
multiplicação,Quanto é 1 × 9?,9.00,6.00,15.00,20.00,5.00
multiplicação,Quanto é 1 × 10?,10.00,17.00,6.00,2.00,16.00
multiplicação,Quanto é 1 × 11?,11.00,1.00,6.00,7.00,13.00
multiplicação,Quanto é 1 × 12?,12.00,6.00,19.00,11.00,9.00
multiplicação,Quanto é 1 × 13?,13.00,18.00,3.00,3.00,6.00
multiplicação,Quanto é 1 × 14?,14.00,16.00,19.00,11.00,1.00
multiplicação,Quanto é 1 × 15?,15.00,14.00,5.00,7.00,5.00
multiplicação,Quanto é 1 × 16?,16.00,7.00,1.00,14.00,19.00
multiplicação,Quanto é 1 × 17?,17.00,1.00,20.00,9.00,5.00
multiplicação,Quanto é 1 × 18?,18.00,20.00,10.00,6.00,13.00
multiplicação,Quanto é 1 × 19?,19.00,12.00,1.00,4.00,9.00
multiplicação,Quanto é 1 × 20?,20.00,17.00,6.00,10.00,4.00
multiplicação,Quanto é 2 × 1?,2.00,7.00,9.00,18.00,6.00
multiplicação,Quanto é 2 × 2?,4.00,9.00,14.00,6.00,11.00
multiplicação,Quanto é 2 × 3?,6.00,3.00,4.00,16.00,16.00
multiplicação,Quanto é 2 × 4?,8.00,12.00,15.00,4.00,10.00
multiplicação,Quanto é 2 × 5?,10.00,6.00,7.00,4.00,14.00
multiplicação,Quanto é 2 × 6?,12.00,16.00,17.00,1.00,19.00
multiplicação,Quanto é 2 × 7?,14.00,4.00,5.00,2.00,2.00
multiplicação,Quanto é 2 × 8?,16.00,18.00,17.00,13.00,7.00
multiplicação,Quanto é 2 × 9?,18.00,11.00,11.00,10.00,2.00
multiplicação,Quanto é 2 × 10?,20.00,13.00,11.00,6.00,5.00
multiplicação,Quanto é 2 × 11?,22.00,18.00,4.00,14.00,14.00
multiplicação,Quanto é 2 × 12?,24.00,20.00,16.00,10.00,8.00
multiplicação,Quanto é 2 × 13?,26.00,8.00,5.00,20.00,16.00
multiplicação,Quanto é 2 × 14?,28.00,15.00,6.00,20.00,16.00
multiplicação,Quanto é 2 × 15?,30.00,11.00,17.00,13.00,18.00
multiplicação,Quanto é 2 × 16?,32.00,18.00,5.00,5.00,3.00
multiplicação,Quanto é 2 × 17?,34.00,20.00,6.00,20.00,10.00
multiplicação,Quanto é 2 × 18?,36.00,6.00,11.00,1.00,5.00
multiplicação,Quanto é 2 × 19?,38.00,14.00,1.00,20.00,1.00
multiplicação,Quanto é 2 × 20?,40.00,12.00,10.00,16.00,2.00
multiplicação,Quanto é 3 × 1?,3.00,10.00,13.00,1.00,18.00
multiplicação,Quanto é 3 × 2?,6.00,3.00,13.00,15.00,8.00
multiplicação,Quanto é 3 × 3?,9.00,6.00,17.00,13.00,19.00
multiplicação,Quanto é 3 × 4?,12.00,20.00,3.00,20.00,13.00
multiplicação,Quanto é 3 × 5?,15.00,7.00,2.00,14.00,16.00
multiplicação,Quanto é 3 × 6?,18.00,2.00,14.00,12.00,20.00
multiplicação,Quanto é 3 × 7?,21.00,8.00,7.00,4.00,2.00
multiplicação,Quanto é 3 × 8?,24.00,2.00,18.00,11.00,3.00
multiplicação,Quanto é 3 × 9?,27.00,4.00,14.00,17.00,11.00
multiplicação,Quanto é 3 × 10?,30.00,17.00,19.00,10.00,15.00
multiplicação,Quanto é 3 × 11?,33.00,7.00,4.00,13.00,12.00
multiplicação,Quanto é 3 × 12?,36.00,7.00,12.00,19.00,6.00
multiplicação,Quanto é 3 × 13?,39.00,4.00,19.00,9.00,13.00
multiplicação,Quanto é 3 × 14?,42.00,5.00,2.00,17.00,17.00
multiplicação,Quanto é 3 × 15?,45.00,15.00,18.00,16.00,5.00
multiplicação,Quanto é 3 × 16?,48.00,12.00,5.00,2.00,6.00
multiplicação,Quanto é 3 × 17?,51.00,3.00,18.00,13.00,6.00
multiplicação,Quanto é 3 × 18?,54.00,11.00,19.00,19.00,15.00
multiplicação,Quanto é 3 × 19?,57.00,6.00,12.00,11.00,3.00
multiplicação,Quanto é 3 × 20?,60.00,3.00,4.00,5.00,15.00
multiplicação,Quanto é 4 × 1?,4.00,7.00,19.00,1.00,3.00
multiplicação,Quanto é 4 × 2?,8.00,2.00,3.00,4.00,16.00
multiplicação,Quanto é 4 × 3?,12.00,8.00,19.00,8.00,16.00
multiplicação,Quanto é 4 × 4?,16.00,9.00,14.00,4.00,4.00
multiplicação,Quanto é 4 × 5?,20.00,18.00,13.00,12.00,16.00
multiplicação,Quanto é 4 × 6?,24.00,6.00,20.00,15.00,1.00
multiplicação,Quanto é 4 × 7?,28.00,14.00,19.00,17.00,2.00
multiplicação,Quanto é 4 × 8?,32.00,19.00,7.00,5.00,10.00
multiplicação,Quanto é 4 × 9?,36.00,6.00,6.00,10.00,7.00
multiplicação,Quanto é 4 × 10?,40.00,7.00,15.00,1.00,19.00
multiplicação,Quanto é 4 × 11?,44.00,18.00,10.00,2.00,4.00
multiplicação,Quanto é 4 × 12?,48.00,9.00,8.00,13.00,15.00
multiplicação,Quanto é 4 × 13?,52.00,17.00,19.00,17.00,9.00
multiplicação,Quanto é 4 × 14?,56.00,5.00,4.00,17.00,7.00
multiplicação,Quanto é 4 × 15?,60.00,2.00,9.00,6.00,2.00
multiplicação,Quanto é 4 × 16?,64.00,15.00,7.00,15.00,7.00
multiplicação,Quanto é 4 × 17?,68.00,17.00,12.00,6.00,8.00
multiplicação,Quanto é 4 × 18?,72.00,18.00,19.00,18.00,6.00
multiplicação,Quanto é 4 × 19?,76.00,4.00,12.00,6.00,6.00
multiplicação,Quanto é 4 × 20?,80.00,2.00,10.00,15.00,2.00
multiplicação,Quanto é 5 × 1?,5.00,17.00,8.00,13.00,11.00
multiplicação,Quanto é 5 × 2?,10.00,15.00,20.00,2.00,1.00
multiplicação,Quanto é 5 × 3?,15.00,18.00,7.00,9.00,9.00
multiplicação,Quanto é 5 × 4?,20.00,3.00,17.00,1.00,1.00
multiplicação,Quanto é 5 × 5?,25.00,5.00,17.00,14.00,1.00
multiplicação,Quanto é 5 × 6?,30.00,4.00,19.00,20.00,15.00
multiplicação,Quanto é 5 × 7?,35.00,14.00,15.00,14.00,13.00
multiplicação,Quanto é 5 × 8?,40.00,4.00,9.00,5.00,3.00
multiplicação,Quanto é 5 × 9?,45.00,4.00,3.00,20.00,13.00
multiplicação,Quanto é 5 × 10?,50.00,3.00,3.00,17.00,10.00
multiplicação,Quanto é 5 × 11?,55.00,17.00,16.00,19.00,6.00
multiplicação,Quanto é 5 × 12?,60.00,2.00,10.00,15.00,5.00
multiplicação,Quanto é 5 × 13?,65.00,10.00,14.00,14.00,19.00
multiplicação,Quanto é 5 × 14?,70.00,20.00,11.00,12.00,6.00
multiplicação,Quanto é 5 × 15?,75.00,17.00,15.00,9.00,13.00
multiplicação,Quanto é 5 × 16?,80.00,20.00,8.00,1.00,4.00
multiplicação,Quanto é 5 × 17?,85.00,15.00,13.00,14.00,18.00
multiplicação,Quanto é 5 × 18?,90.00,4.00,9.00,6.00,11.00
multiplicação,Quanto é 5 × 19?,95.00,10.00,3.00,5.00,18.00
multiplicação,Quanto é 5 × 20?,100.00,20.00,19.00,1.00,7.00
multiplicação,Quanto é 6 × 1?,6.00,5.00,13.00,9.00,18.00
multiplicação,Quanto é 6 × 2?,12.00,11.00,1.00,20.00,1.00
multiplicação,Quanto é 6 × 3?,18.00,9.00,5.00,4.00,5.00
multiplicação,Quanto é 6 × 4?,24.00,4.00,6.00,13.00,11.00
multiplicação,Quanto é 6 × 5?,30.00,4.00,13.00,5.00,8.00
multiplicação,Quanto é 6 × 6?,36.00,12.00,8.00,6.00,6.00
multiplicação,Quanto é 6 × 7?,42.00,16.00,19.00,19.00,10.00
multiplicação,Quanto é 6 × 8?,48.00,7.00,14.00,11.00,1.00
multiplicação,Quanto é 6 × 9?,54.00,8.00,20.00,5.00,11.00
multiplicação,Quanto é 6 × 10?,60.00,11.00,12.00,3.00,7.00
multiplicação,Quanto é 6 × 11?,66.00,10.00,8.00,16.00,16.00
multiplicação,Quanto é 6 × 12?,72.00,18.00,18.00,19.00,5.00
multiplicação,Quanto é 6 × 13?,78.00,18.00,20.00,1.00,10.00
multiplicação,Quanto é 6 × 14?,84.00,12.00,18.00,11.00,18.00
multiplicação,Quanto é 6 × 15?,90.00,16.00,20.00,17.00,15.00
multiplicação,Quanto é 6 × 16?,96.00,7.00,19.00,17.00,5.00
multiplicação,Quanto é 6 × 17?,102.00,7.00,19.00,3.00,2.00
multiplicação,Quanto é 6 × 18?,108.00,13.00,10.00,16.00,5.00
multiplicação,Quanto é 6 × 19?,114.00,16.00,10.00,18.00,6.00
multiplicação,Quanto é 6 × 20?,120.00,17.00,11.00,16.00,12.00
multiplicação,Quanto é 7 × 1?,7.00,19.00,4.00,9.00,15.00
multiplicação,Quanto é 7 × 2?,14.00,5.00,4.00,6.00,20.00
multiplicação,Quanto é 7 × 3?,21.00,6.00,12.00,10.00,8.00
multiplicação,Quanto é 7 × 4?,28.00,4.00,20.00,13.00,15.00
multiplicação,Quanto é 7 × 5?,35.00,6.00,19.00,13.00,4.00
multiplicação,Quanto é 7 × 6?,42.00,15.00,15.00,16.00,11.00
multiplicação,Quanto é 7 × 7?,49.00,4.00,4.00,11.00,12.00
multiplicação,Quanto é 7 × 8?,56.00,3.00,19.00,14.00,15.00
multiplicação,Quanto é 7 × 9?,63.00,6.00,18.00,12.00,1.00
multiplicação,Quanto é 7 × 10?,70.00,12.00,20.00,3.00,19.00
multiplicação,Quanto é 7 × 11?,77.00,10.00,14.00,1.00,17.00
multiplicação,Quanto é 7 × 12?,84.00,6.00,17.00,4.00,12.00
multiplicação,Quanto é 7 × 13?,91.00,2.00,16.00,13.00,17.00
multiplicação,Quanto é 7 × 14?,98.00,3.00,2.00,20.00,5.00
multiplicação,Quanto é 7 × 15?,105.00,20.00,19.00,17.00,6.00
multiplicação,Quanto é 7 × 16?,112.00,13.00,19.00,14.00,19.00
multiplicação,Quanto é 7 × 17?,119.00,10.00,13.00,13.00,14.00
multiplicação,Quanto é 7 × 18?,126.00,4.00,14.00,3.00,20.00
multiplicação,Quanto é 7 × 19?,133.00,14.00,5.00,12.00,16.00
multiplicação,Quanto é 7 × 20?,140.00,13.00,6.00,5.00,14.00
multiplicação,Quanto é 8 × 1?,8.00,20.00,19.00,6.00,17.00
multiplicação,Quanto é 8 × 2?,16.00,17.00,2.00,13.00,4.00
multiplicação,Quanto é 8 × 3?,24.00,17.00,13.00,16.00,12.00
multiplicação,Quanto é 8 × 4?,32.00,16.00,18.00,10.00,10.00
multiplicação,Quanto é 8 × 5?,40.00,7.00,12.00,10.00,17.00
multiplicação,Quanto é 8 × 6?,48.00,12.00,3.00,1.00,20.00
multiplicação,Quanto é 8 × 7?,56.00,20.00,10.00,8.00,15.00
multiplicação,Quanto é 8 × 8?,64.00,5.00,10.00,18.00,17.00
multiplicação,Quanto é 8 × 9?,72.00,12.00,18.00,12.00,9.00
multiplicação,Quanto é 8 × 10?,80.00,11.00,9.00,5.00,4.00
multiplicação,Quanto é 8 × 11?,88.00,5.00,10.00,8.00,17.00
multiplicação,Quanto é 8 × 12?,96.00,3.00,20.00,10.00,16.00
multiplicação,Quanto é 8 × 13?,104.00,17.00,9.00,3.00,1.00
multiplicação,Quanto é 8 × 14?,112.00,3.00,10.00,2.00,7.00
multiplicação,Quanto é 8 × 15?,120.00,6.00,17.00,6.00,18.00
multiplicação,Quanto é 8 × 16?,128.00,2.00,16.00,18.00,15.00
multiplicação,Quanto é 8 × 17?,136.00,1.00,14.00,2.00,6.00
multiplicação,Quanto é 8 × 18?,144.00,4.00,14.00,8.00,5.00
multiplicação,Quanto é 8 × 19?,152.00,18.00,19.00,8.00,20.00
multiplicação,Quanto é 8 × 20?,160.00,13.00,7.00,13.00,19.00
multiplicação,Quanto é 9 × 1?,9.00,4.00,16.00,8.00,5.00
multiplicação,Quanto é 9 × 2?,18.00,3.00,4.00,7.00,5.00
multiplicação,Quanto é 9 × 3?,27.00,6.00,1.00,9.00,19.00
multiplicação,Quanto é 9 × 4?,36.00,10.00,18.00,6.00,18.00
multiplicação,Quanto é 9 × 5?,45.00,3.00,17.00,14.00,3.00
multiplicação,Quanto é 9 × 6?,54.00,14.00,15.00,13.00,15.00
multiplicação,Quanto é 9 × 7?,63.00,2.00,5.00,20.00,11.00
multiplicação,Quanto é 9 × 8?,72.00,19.00,7.00,4.00,5.00
multiplicação,Quanto é 9 × 9?,81.00,9.00,9.00,20.00,9.00
multiplicação,Quanto é 9 × 10?,90.00,20.00,20.00,1.00,14.00
multiplicação,Quanto é 9 × 11?,99.00,17.00,19.00,14.00,17.00
multiplicação,Quanto é 9 × 12?,108.00,8.00,14.00,11.00,11.00
multiplicação,Quanto é 9 × 13?,117.00,6.00,18.00,4.00,19.00
multiplicação,Quanto é 9 × 14?,126.00,5.00,20.00,6.00,6.00
multiplicação,Quanto é 9 × 15?,135.00,11.00,10.00,6.00,17.00
multiplicação,Quanto é 9 × 16?,144.00,13.00,13.00,14.00,20.00
multiplicação,Quanto é 9 × 17?,153.00,17.00,19.00,7.00,20.00
multiplicação,Quanto é 9 × 18?,162.00,18.00,7.00,12.00,20.00
multiplicação,Quanto é 9 × 19?,171.00,2.00,3.00,4.00,12.00
multiplicação,Quanto é 9 × 20?,180.00,16.00,3.00,3.00,9.00
multiplicação,Quanto é 10 × 1?,10.00,14.00,18.00,4.00,12.00
multiplicação,Quanto é 10 × 2?,20.00,13.00,11.00,8.00,4.00
multiplicação,Quanto é 10 × 3?,30.00,18.00,16.00,15.00,2.00
multiplicação,Quanto é 10 × 4?,40.00,18.00,11.00,14.00,8.00
multiplicação,Quanto é 10 × 5?,50.00,4.00,18.00,13.00,5.00
multiplicação,Quanto é 10 × 6?,60.00,17.00,1.00,20.00,11.00
multiplicação,Quanto é 10 × 7?,70.00,17.00,6.00,7.00,4.00
multiplicação,Quanto é 10 × 8?,80.00,9.00,16.00,4.00,1.00
multiplicação,Quanto é 10 × 9?,90.00,2.00,16.00,1.00,3.00
multiplicação,Quanto é 10 × 10?,100.00,19.00,16.00,5.00,1.00
multiplicação,Quanto é 10 × 11?,110.00,9.00,20.00,2.00,18.00
multiplicação,Quanto é 10 × 12?,120.00,6.00,12.00,4.00,14.00
multiplicação,Quanto é 10 × 13?,130.00,4.00,11.00,12.00,20.00
multiplicação,Quanto é 10 × 14?,140.00,8.00,20.00,8.00,3.00
multiplicação,Quanto é 10 × 15?,150.00,1.00,4.00,8.00,11.00
multiplicação,Quanto é 10 × 16?,160.00,14.00,15.00,18.00,3.00
multiplicação,Quanto é 10 × 17?,170.00,4.00,14.00,12.00,19.00
multiplicação,Quanto é 10 × 18?,180.00,14.00,8.00,19.00,9.00
multiplicação,Quanto é 10 × 19?,190.00,10.00,13.00,8.00,5.00
multiplicação,Quanto é 10 × 20?,200.00,2.00,5.00,9.00,10.00
multiplicação,Quanto é 11 × 1?,11.00,9.00,14.00,10.00,13.00
multiplicação,Quanto é 11 × 2?,22.00,14.00,14.00,7.00,1.00
multiplicação,Quanto é 11 × 3?,33.00,17.00,8.00,17.00,14.00
multiplicação,Quanto é 11 × 4?,44.00,1.00,16.00,5.00,11.00
multiplicação,Quanto é 11 × 5?,55.00,8.00,14.00,20.00,18.00
multiplicação,Quanto é 11 × 6?,66.00,3.00,2.00,2.00,17.00
multiplicação,Quanto é 11 × 7?,77.00,6.00,1.00,16.00,2.00
multiplicação,Quanto é 11 × 8?,88.00,3.00,13.00,14.00,7.00
multiplicação,Quanto é 11 × 9?,99.00,4.00,9.00,20.00,14.00
multiplicação,Quanto é 11 × 10?,110.00,2.00,6.00,4.00,9.00
multiplicação,Quanto é 11 × 11?,121.00,10.00,11.00,12.00,15.00
multiplicação,Quanto é 11 × 12?,132.00,1.00,9.00,13.00,14.00
multiplicação,Quanto é 11 × 13?,143.00,15.00,17.00,7.00,16.00
multiplicação,Quanto é 11 × 14?,154.00,14.00,11.00,19.00,15.00
multiplicação,Quanto é 11 × 15?,165.00,9.00,20.00,9.00,17.00
multiplicação,Quanto é 11 × 16?,176.00,4.00,11.00,19.00,1.00
multiplicação,Quanto é 11 × 17?,187.00,13.00,14.00,16.00,17.00
multiplicação,Quanto é 11 × 18?,198.00,19.00,20.00,2.00,19.00
multiplicação,Quanto é 11 × 19?,209.00,10.00,20.00,12.00,15.00
multiplicação,Quanto é 11 × 20?,220.00,4.00,14.00,9.00,10.00
multiplicação,Quanto é 12 × 1?,12.00,15.00,4.00,15.00,1.00
multiplicação,Quanto é 12 × 2?,24.00,13.00,1.00,1.00,5.00
multiplicação,Quanto é 12 × 3?,36.00,18.00,3.00,2.00,16.00
multiplicação,Quanto é 12 × 4?,48.00,4.00,3.00,6.00,20.00
multiplicação,Quanto é 12 × 5?,60.00,9.00,9.00,12.00,5.00
multiplicação,Quanto é 12 × 6?,72.00,1.00,1.00,16.00,6.00
multiplicação,Quanto é 12 × 7?,84.00,3.00,12.00,2.00,17.00
multiplicação,Quanto é 12 × 8?,96.00,3.00,13.00,18.00,17.00
multiplicação,Quanto é 12 × 9?,108.00,16.00,16.00,19.00,7.00
multiplicação,Quanto é 12 × 10?,120.00,15.00,14.00,8.00,16.00
multiplicação,Quanto é 12 × 11?,132.00,8.00,8.00,11.00,14.00
multiplicação,Quanto é 12 × 12?,144.00,18.00,4.00,9.00,19.00
multiplicação,Quanto é 12 × 13?,156.00,12.00,1.00,4.00,2.00
multiplicação,Quanto é 12 × 14?,168.00,16.00,18.00,16.00,8.00
multiplicação,Quanto é 12 × 15?,180.00,3.00,10.00,1.00,19.00
multiplicação,Quanto é 12 × 16?,192.00,2.00,13.00,4.00,9.00
multiplicação,Quanto é 12 × 17?,204.00,5.00,11.00,17.00,15.00
multiplicação,Quanto é 12 × 18?,216.00,5.00,5.00,13.00,18.00
multiplicação,Quanto é 12 × 19?,228.00,7.00,16.00,11.00,17.00
multiplicação,Quanto é 12 × 20?,240.00,17.00,18.00,13.00,16.00
multiplicação,Quanto é 13 × 1?,13.00,16.00,6.00,16.00,2.00
multiplicação,Quanto é 13 × 2?,26.00,15.00,5.00,17.00,13.00
multiplicação,Quanto é 13 × 3?,39.00,12.00,16.00,17.00,20.00
multiplicação,Quanto é 13 × 4?,52.00,10.00,1.00,18.00,1.00
multiplicação,Quanto é 13 × 5?,65.00,8.00,9.00,9.00,8.00
multiplicação,Quanto é 13 × 6?,78.00,13.00,6.00,13.00,17.00
multiplicação,Quanto é 13 × 7?,91.00,3.00,20.00,15.00,11.00
multiplicação,Quanto é 13 × 8?,104.00,2.00,1.00,1.00,19.00
multiplicação,Quanto é 13 × 9?,117.00,11.00,5.00,15.00,17.00
multiplicação,Quanto é 13 × 10?,130.00,8.00,20.00,12.00,7.00
multiplicação,Quanto é 13 × 11?,143.00,15.00,13.00,5.00,15.00
multiplicação,Quanto é 13 × 12?,156.00,5.00,13.00,17.00,18.00
multiplicação,Quanto é 13 × 13?,169.00,7.00,11.00,13.00,7.00
multiplicação,Quanto é 13 × 14?,182.00,14.00,1.00,7.00,16.00
multiplicação,Quanto é 13 × 15?,195.00,2.00,15.00,1.00,8.00
multiplicação,Quanto é 13 × 16?,208.00,8.00,12.00,11.00,16.00
multiplicação,Quanto é 13 × 17?,221.00,10.00,2.00,10.00,12.00
multiplicação,Quanto é 13 × 18?,234.00,11.00,6.00,12.00,16.00
multiplicação,Quanto é 13 × 19?,247.00,18.00,12.00,15.00,14.00
multiplicação,Quanto é 13 × 20?,260.00,13.00,3.00,2.00,5.00
multiplicação,Quanto é 14 × 1?,14.00,11.00,5.00,20.00,19.00
multiplicação,Quanto é 14 × 2?,28.00,14.00,12.00,12.00,11.00
multiplicação,Quanto é 14 × 3?,42.00,17.00,9.00,2.00,15.00
multiplicação,Quanto é 14 × 4?,56.00,17.00,17.00,4.00,19.00
multiplicação,Quanto é 14 × 5?,70.00,7.00,18.00,13.00,14.00
multiplicação,Quanto é 14 × 6?,84.00,20.00,3.00,16.00,12.00
multiplicação,Quanto é 14 × 7?,98.00,1.00,15.00,17.00,13.00
multiplicação,Quanto é 14 × 8?,112.00,12.00,1.00,15.00,18.00
multiplicação,Quanto é 14 × 9?,126.00,7.00,13.00,10.00,7.00
multiplicação,Quanto é 14 × 10?,140.00,4.00,13.00,11.00,3.00
multiplicação,Quanto é 14 × 11?,154.00,9.00,1.00,13.00,15.00
multiplicação,Quanto é 14 × 12?,168.00,10.00,15.00,18.00,17.00
multiplicação,Quanto é 14 × 13?,182.00,5.00,10.00,4.00,15.00
multiplicação,Quanto é 14 × 14?,196.00,17.00,17.00,12.00,13.00
multiplicação,Quanto é 14 × 15?,210.00,7.00,1.00,5.00,1.00
multiplicação,Quanto é 14 × 16?,224.00,14.00,10.00,9.00,3.00
multiplicação,Quanto é 14 × 17?,238.00,8.00,14.00,11.00,12.00
multiplicação,Quanto é 14 × 18?,252.00,12.00,19.00,14.00,3.00
multiplicação,Quanto é 14 × 19?,266.00,4.00,8.00,11.00,11.00
multiplicação,Quanto é 14 × 20?,280.00,20.00,2.00,6.00,17.00
multiplicação,Quanto é 15 × 1?,15.00,20.00,17.00,19.00,8.00
multiplicação,Quanto é 15 × 2?,30.00,7.00,1.00,9.00,1.00
multiplicação,Quanto é 15 × 3?,45.00,15.00,6.00,7.00,14.00
multiplicação,Quanto é 15 × 4?,60.00,12.00,2.00,3.00,9.00
multiplicação,Quanto é 15 × 5?,75.00,2.00,17.00,6.00,1.00
multiplicação,Quanto é 15 × 6?,90.00,17.00,19.00,12.00,13.00
multiplicação,Quanto é 15 × 7?,105.00,16.00,2.00,20.00,13.00
multiplicação,Quanto é 15 × 8?,120.00,5.00,9.00,19.00,7.00
multiplicação,Quanto é 15 × 9?,135.00,7.00,13.00,4.00,2.00
multiplicação,Quanto é 15 × 10?,150.00,18.00,14.00,12.00,17.00
multiplicação,Quanto é 15 × 11?,165.00,20.00,4.00,7.00,18.00
multiplicação,Quanto é 15 × 12?,180.00,9.00,18.00,11.00,11.00
multiplicação,Quanto é 15 × 13?,195.00,3.00,12.00,11.00,19.00
multiplicação,Quanto é 15 × 14?,210.00,6.00,20.00,2.00,9.00
multiplicação,Quanto é 15 × 15?,225.00,19.00,2.00,15.00,16.00
multiplicação,Quanto é 15 × 16?,240.00,3.00,12.00,6.00,3.00
multiplicação,Quanto é 15 × 17?,255.00,17.00,14.00,4.00,9.00
multiplicação,Quanto é 15 × 18?,270.00,13.00,9.00,5.00,11.00
multiplicação,Quanto é 15 × 19?,285.00,9.00,5.00,7.00,7.00
multiplicação,Quanto é 15 × 20?,300.00,12.00,2.00,11.00,4.00
multiplicação,Quanto é 16 × 1?,16.00,7.00,9.00,2.00,1.00
multiplicação,Quanto é 16 × 2?,32.00,5.00,4.00,10.00,12.00
multiplicação,Quanto é 16 × 3?,48.00,18.00,20.00,5.00,1.00
multiplicação,Quanto é 16 × 4?,64.00,8.00,7.00,2.00,10.00
multiplicação,Quanto é 16 × 5?,80.00,11.00,11.00,17.00,11.00
multiplicação,Quanto é 16 × 6?,96.00,13.00,3.00,11.00,15.00
multiplicação,Quanto é 16 × 7?,112.00,4.00,6.00,19.00,6.00
multiplicação,Quanto é 16 × 8?,128.00,17.00,15.00,9.00,13.00
multiplicação,Quanto é 16 × 9?,144.00,19.00,13.00,5.00,2.00
multiplicação,Quanto é 16 × 10?,160.00,14.00,12.00,12.00,19.00
multiplicação,Quanto é 16 × 11?,176.00,12.00,8.00,19.00,16.00
multiplicação,Quanto é 16 × 12?,192.00,19.00,9.00,11.00,13.00
multiplicação,Quanto é 16 × 13?,208.00,5.00,1.00,8.00,4.00
multiplicação,Quanto é 16 × 14?,224.00,14.00,17.00,8.00,13.00
multiplicação,Quanto é 16 × 15?,240.00,17.00,16.00,1.00,12.00
multiplicação,Quanto é 16 × 16?,256.00,7.00,4.00,12.00,20.00
multiplicação,Quanto é 16 × 17?,272.00,15.00,5.00,14.00,7.00
multiplicação,Quanto é 16 × 18?,288.00,12.00,17.00,16.00,8.00
multiplicação,Quanto é 16 × 19?,304.00,10.00,19.00,12.00,20.00
multiplicação,Quanto é 16 × 20?,320.00,14.00,10.00,20.00,20.00
multiplicação,Quanto é 17 × 1?,17.00,20.00,10.00,13.00,12.00
multiplicação,Quanto é 17 × 2?,34.00,1.00,3.00,10.00,1.00
multiplicação,Quanto é 17 × 3?,51.00,20.00,8.00,5.00,20.00
multiplicação,Quanto é 17 × 4?,68.00,3.00,16.00,3.00,14.00
multiplicação,Quanto é 17 × 5?,85.00,13.00,17.00,4.00,11.00
multiplicação,Quanto é 17 × 6?,102.00,6.00,9.00,19.00,6.00
multiplicação,Quanto é 17 × 7?,119.00,18.00,10.00,1.00,3.00
multiplicação,Quanto é 17 × 8?,136.00,20.00,20.00,19.00,4.00
multiplicação,Quanto é 17 × 9?,153.00,2.00,3.00,13.00,12.00
multiplicação,Quanto é 17 × 10?,170.00,1.00,4.00,8.00,18.00
multiplicação,Quanto é 17 × 11?,187.00,4.00,4.00,7.00,3.00
multiplicação,Quanto é 17 × 12?,204.00,10.00,19.00,14.00,7.00
multiplicação,Quanto é 17 × 13?,221.00,11.00,6.00,19.00,3.00
multiplicação,Quanto é 17 × 14?,238.00,13.00,6.00,6.00,19.00
multiplicação,Quanto é 17 × 15?,255.00,14.00,9.00,1.00,14.00
multiplicação,Quanto é 17 × 16?,272.00,4.00,9.00,17.00,2.00
multiplicação,Quanto é 17 × 17?,289.00,4.00,9.00,4.00,8.00
multiplicação,Quanto é 17 × 18?,306.00,16.00,11.00,4.00,10.00
multiplicação,Quanto é 17 × 19?,323.00,12.00,20.00,10.00,9.00
multiplicação,Quanto é 17 × 20?,340.00,9.00,1.00,10.00,20.00
multiplicação,Quanto é 18 × 1?,18.00,17.00,19.00,16.00,13.00
multiplicação,Quanto é 18 × 2?,36.00,6.00,3.00,18.00,1.00
multiplicação,Quanto é 18 × 3?,54.00,12.00,9.00,9.00,13.00
multiplicação,Quanto é 18 × 4?,72.00,3.00,17.00,7.00,7.00
multiplicação,Quanto é 18 × 5?,90.00,11.00,6.00,19.00,9.00
multiplicação,Quanto é 18 × 6?,108.00,20.00,18.00,12.00,17.00
multiplicação,Quanto é 18 × 7?,126.00,10.00,6.00,3.00,16.00
multiplicação,Quanto é 18 × 8?,144.00,7.00,7.00,9.00,11.00
multiplicação,Quanto é 18 × 9?,162.00,13.00,9.00,16.00,11.00
multiplicação,Quanto é 18 × 10?,180.00,16.00,2.00,8.00,15.00
multiplicação,Quanto é 18 × 11?,198.00,15.00,9.00,7.00,12.00
multiplicação,Quanto é 18 × 12?,216.00,14.00,16.00,20.00,4.00
multiplicação,Quanto é 18 × 13?,234.00,11.00,14.00,7.00,5.00
multiplicação,Quanto é 18 × 14?,252.00,15.00,9.00,6.00,17.00
multiplicação,Quanto é 18 × 15?,270.00,18.00,12.00,9.00,13.00
multiplicação,Quanto é 18 × 16?,288.00,15.00,4.00,14.00,5.00
multiplicação,Quanto é 18 × 17?,306.00,2.00,17.00,14.00,11.00
multiplicação,Quanto é 18 × 18?,324.00,3.00,2.00,10.00,15.00
multiplicação,Quanto é 18 × 19?,342.00,12.00,17.00,11.00,8.00
multiplicação,Quanto é 18 × 20?,360.00,14.00,19.00,1.00,9.00
multiplicação,Quanto é 19 × 1?,19.00,7.00,11.00,15.00,12.00
multiplicação,Quanto é 19 × 2?,38.00,20.00,13.00,12.00,7.00
multiplicação,Quanto é 19 × 3?,57.00,17.00,19.00,19.00,19.00
multiplicação,Quanto é 19 × 4?,76.00,11.00,18.00,8.00,2.00
multiplicação,Quanto é 19 × 5?,95.00,4.00,2.00,15.00,14.00
multiplicação,Quanto é 19 × 6?,114.00,19.00,4.00,15.00,17.00
multiplicação,Quanto é 19 × 7?,133.00,8.00,17.00,1.00,14.00
multiplicação,Quanto é 19 × 8?,152.00,10.00,1.00,15.00,14.00
multiplicação,Quanto é 19 × 9?,171.00,8.00,16.00,13.00,12.00
multiplicação,Quanto é 19 × 10?,190.00,18.00,12.00,3.00,3.00
multiplicação,Quanto é 19 × 11?,209.00,17.00,4.00,13.00,8.00
multiplicação,Quanto é 19 × 12?,228.00,6.00,14.00,9.00,2.00
multiplicação,Quanto é 19 × 13?,247.00,6.00,6.00,20.00,6.00
multiplicação,Quanto é 19 × 14?,266.00,12.00,18.00,11.00,16.00
multiplicação,Quanto é 19 × 15?,285.00,20.00,15.00,7.00,20.00
multiplicação,Quanto é 19 × 16?,304.00,4.00,6.00,4.00,9.00
multiplicação,Quanto é 19 × 17?,323.00,16.00,3.00,17.00,2.00
multiplicação,Quanto é 19 × 18?,342.00,15.00,14.00,4.00,14.00
multiplicação,Quanto é 19 × 19?,361.00,5.00,12.00,8.00,5.00
multiplicação,Quanto é 19 × 20?,380.00,16.00,16.00,15.00,2.00
multiplicação,Quanto é 20 × 1?,20.00,7.00,7.00,17.00,6.00
multiplicação,Quanto é 20 × 2?,40.00,2.00,9.00,14.00,20.00
multiplicação,Quanto é 20 × 3?,60.00,20.00,1.00,7.00,8.00
multiplicação,Quanto é 20 × 4?,80.00,19.00,10.00,8.00,2.00
multiplicação,Quanto é 20 × 5?,100.00,11.00,12.00,1.00,2.00
multiplicação,Quanto é 20 × 6?,120.00,8.00,20.00,4.00,14.00
multiplicação,Quanto é 20 × 7?,140.00,5.00,11.00,2.00,2.00
multiplicação,Quanto é 20 × 8?,160.00,5.00,8.00,19.00,4.00
multiplicação,Quanto é 20 × 9?,180.00,2.00,11.00,2.00,11.00
multiplicação,Quanto é 20 × 10?,200.00,11.00,12.00,12.00,18.00
multiplicação,Quanto é 20 × 11?,220.00,1.00,19.00,16.00,1.00
multiplicação,Quanto é 20 × 12?,240.00,8.00,7.00,13.00,10.00
multiplicação,Quanto é 20 × 13?,260.00,14.00,14.00,20.00,1.00
multiplicação,Quanto é 20 × 14?,280.00,4.00,9.00,7.00,5.00
multiplicação,Quanto é 20 × 15?,300.00,14.00,14.00,10.00,9.00
multiplicação,Quanto é 20 × 16?,320.00,5.00,9.00,7.00,12.00
multiplicação,Quanto é 20 × 17?,340.00,19.00,8.00,5.00,16.00
multiplicação,Quanto é 20 × 18?,360.00,15.00,14.00,17.00,11.00
multiplicação,Quanto é 20 × 19?,380.00,6.00,10.00,18.00,14.00
multiplicação,Quanto é 20 × 20?,400.00,6.00,20.00,10.00,19.00
divisão,Quanto é 1 / 1?,1.00,8.00,16.00,8.00,3.00
divisão,Quanto é 1 / 2?,0.50,17.00,6.00,11.00,14.00
divisão,Quanto é 1 / 3?,0.33,12.00,9.00,10.00,18.00
divisão,Quanto é 1 / 4?,0.25,9.00,7.00,7.00,10.00
divisão,Quanto é 1 / 5?,0.20,5.00,3.00,10.00,9.00
divisão,Quanto é 1 / 6?,0.17,14.00,4.00,6.00,1.00
divisão,Quanto é 1 / 7?,0.14,17.00,20.00,4.00,14.00
divisão,Quanto é 1 / 8?,0.12,8.00,4.00,8.00,4.00
divisão,Quanto é 1 / 9?,0.11,8.00,14.00,17.00,7.00
divisão,Quanto é 1 / 10?,0.10,9.00,5.00,1.00,10.00
divisão,Quanto é 1 / 11?,0.09,19.00,13.00,15.00,13.00
divisão,Quanto é 1 / 12?,0.08,13.00,10.00,20.00,18.00
divisão,Quanto é 1 / 13?,0.08,18.00,4.00,17.00,9.00
divisão,Quanto é 1 / 14?,0.07,2.00,8.00,11.00,17.00
divisão,Quanto é 1 / 15?,0.07,7.00,1.00,14.00,11.00
divisão,Quanto é 1 / 16?,0.06,14.00,7.00,4.00,17.00
divisão,Quanto é 1 / 17?,0.06,10.00,10.00,11.00,6.00
divisão,Quanto é 1 / 18?,0.06,5.00,1.00,16.00,8.00
divisão,Quanto é 1 / 19?,0.05,8.00,17.00,19.00,8.00
divisão,Quanto é 1 / 20?,0.05,3.00,6.00,14.00,2.00
divisão,Quanto é 2 / 1?,2.00,5.00,12.00,12.00,5.00
divisão,Quanto é 2 / 2?,1.00,8.00,19.00,10.00,9.00
divisão,Quanto é 2 / 3?,0.67,15.00,16.00,18.00,20.00
divisão,Quanto é 2 / 4?,0.50,4.00,4.00,14.00,19.00
divisão,Quanto é 2 / 5?,0.40,20.00,6.00,3.00,15.00
divisão,Quanto é 2 / 6?,0.33,15.00,4.00,11.00,3.00
divisão,Quanto é 2 / 7?,0.29,4.00,9.00,20.00,6.00
divisão,Quanto é 2 / 8?,0.25,2.00,18.00,12.00,9.00
divisão,Quanto é 2 / 9?,0.22,4.00,20.00,11.00,4.00
divisão,Quanto é 2 / 10?,0.20,4.00,16.00,2.00,7.00
divisão,Quanto é 2 / 11?,0.18,11.00,5.00,12.00,9.00
divisão,Quanto é 2 / 12?,0.17,5.00,17.00,8.00,20.00
divisão,Quanto é 2 / 13?,0.15,5.00,9.00,3.00,16.00
divisão,Quanto é 2 / 14?,0.14,16.00,2.00,1.00,7.00
divisão,Quanto é 2 / 15?,0.13,18.00,5.00,3.00,11.00
divisão,Quanto é 2 / 16?,0.12,12.00,6.00,1.00,7.00
divisão,Quanto é 2 / 17?,0.12,16.00,16.00,7.00,10.00
divisão,Quanto é 2 / 18?,0.11,4.00,8.00,15.00,7.00
divisão,Quanto é 2 / 19?,0.11,12.00,1.00,3.00,19.00
divisão,Quanto é 2 / 20?,0.10,2.00,15.00,19.00,1.00
divisão,Quanto é 3 / 1?,3.00,2.00,19.00,13.00,15.00
divisão,Quanto é 3 / 2?,1.50,3.00,10.00,6.00,13.00
divisão,Quanto é 3 / 3?,1.00,4.00,4.00,18.00,18.00
divisão,Quanto é 3 / 4?,0.75,10.00,17.00,10.00,8.00
divisão,Quanto é 3 / 5?,0.60,16.00,20.00,13.00,16.00
divisão,Quanto é 3 / 6?,0.50,8.00,14.00,1.00,5.00
divisão,Quanto é 3 / 7?,0.43,19.00,4.00,7.00,4.00
divisão,Quanto é 3 / 8?,0.38,19.00,13.00,1.00,12.00
divisão,Quanto é 3 / 9?,0.33,10.00,11.00,16.00,20.00
divisão,Quanto é 3 / 10?,0.30,17.00,16.00,10.00,19.00
divisão,Quanto é 3 / 11?,0.27,14.00,13.00,11.00,10.00
divisão,Quanto é 3 / 12?,0.25,6.00,15.00,9.00,4.00
divisão,Quanto é 3 / 13?,0.23,3.00,2.00,15.00,20.00
divisão,Quanto é 3 / 14?,0.21,19.00,3.00,11.00,4.00
divisão,Quanto é 3 / 15?,0.20,3.00,15.00,20.00,11.00
divisão,Quanto é 3 / 16?,0.19,15.00,13.00,14.00,19.00
divisão,Quanto é 3 / 17?,0.18,17.00,5.00,5.00,16.00
divisão,Quanto é 3 / 18?,0.17,3.00,20.00,15.00,5.00
divisão,Quanto é 3 / 19?,0.16,7.00,18.00,4.00,2.00
divisão,Quanto é 3 / 20?,0.15,14.00,2.00,7.00,4.00
divisão,Quanto é 4 / 1?,4.00,15.00,12.00,14.00,14.00
divisão,Quanto é 4 / 2?,2.00,19.00,3.00,12.00,14.00
divisão,Quanto é 4 / 3?,1.33,8.00,20.00,5.00,9.00
divisão,Quanto é 4 / 4?,1.00,5.00,5.00,6.00,16.00
divisão,Quanto é 4 / 5?,0.80,19.00,9.00,19.00,20.00
divisão,Quanto é 4 / 6?,0.67,11.00,7.00,10.00,19.00
divisão,Quanto é 4 / 7?,0.57,8.00,13.00,20.00,14.00
divisão,Quanto é 4 / 8?,0.50,8.00,6.00,1.00,1.00
divisão,Quanto é 4 / 9?,0.44,10.00,14.00,18.00,16.00
divisão,Quanto é 4 / 10?,0.40,17.00,17.00,17.00,15.00
divisão,Quanto é 4 / 11?,0.36,20.00,14.00,19.00,17.00
divisão,Quanto é 4 / 12?,0.33,15.00,2.00,5.00,8.00
divisão,Quanto é 4 / 13?,0.31,6.00,12.00,19.00,14.00
divisão,Quanto é 4 / 14?,0.29,15.00,6.00,15.00,17.00
divisão,Quanto é 4 / 15?,0.27,5.00,9.00,17.00,11.00
divisão,Quanto é 4 / 16?,0.25,4.00,8.00,2.00,10.00
divisão,Quanto é 4 / 17?,0.24,7.00,4.00,13.00,10.00
divisão,Quanto é 4 / 18?,0.22,17.00,18.00,10.00,18.00
divisão,Quanto é 4 / 19?,0.21,4.00,4.00,16.00,2.00
divisão,Quanto é 4 / 20?,0.20,9.00,1.00,7.00,13.00
divisão,Quanto é 5 / 1?,5.00,16.00,20.00,14.00,19.00
divisão,Quanto é 5 / 2?,2.50,1.00,3.00,13.00,16.00
divisão,Quanto é 5 / 3?,1.67,17.00,17.00,2.00,2.00
divisão,Quanto é 5 / 4?,1.25,17.00,11.00,1.00,3.00
divisão,Quanto é 5 / 5?,1.00,11.00,17.00,15.00,4.00
divisão,Quanto é 5 / 6?,0.83,4.00,17.00,8.00,5.00
divisão,Quanto é 5 / 7?,0.71,15.00,1.00,9.00,15.00
divisão,Quanto é 5 / 8?,0.62,20.00,8.00,10.00,12.00
divisão,Quanto é 5 / 9?,0.56,11.00,4.00,15.00,5.00
divisão,Quanto é 5 / 10?,0.50,5.00,8.00,10.00,5.00
divisão,Quanto é 5 / 11?,0.45,17.00,16.00,11.00,3.00
divisão,Quanto é 5 / 12?,0.42,17.00,20.00,7.00,4.00
divisão,Quanto é 5 / 13?,0.38,6.00,10.00,12.00,2.00
divisão,Quanto é 5 / 14?,0.36,7.00,9.00,16.00,11.00
divisão,Quanto é 5 / 15?,0.33,9.00,10.00,8.00,8.00
divisão,Quanto é 5 / 16?,0.31,13.00,2.00,4.00,13.00
divisão,Quanto é 5 / 17?,0.29,16.00,18.00,4.00,16.00
divisão,Quanto é 5 / 18?,0.28,19.00,11.00,5.00,16.00
divisão,Quanto é 5 / 19?,0.26,12.00,19.00,19.00,13.00
divisão,Quanto é 5 / 20?,0.25,18.00,4.00,1.00,12.00
divisão,Quanto é 6 / 1?,6.00,8.00,9.00,11.00,3.00
divisão,Quanto é 6 / 2?,3.00,13.00,11.00,9.00,8.00
divisão,Quanto é 6 / 3?,2.00,13.00,10.00,16.00,12.00
divisão,Quanto é 6 / 4?,1.50,19.00,19.00,8.00,11.00
divisão,Quanto é 6 / 5?,1.20,15.00,10.00,11.00,17.00
divisão,Quanto é 6 / 6?,1.00,5.00,8.00,13.00,14.00
divisão,Quanto é 6 / 7?,0.86,16.00,15.00,10.00,19.00
divisão,Quanto é 6 / 8?,0.75,20.00,9.00,20.00,8.00
divisão,Quanto é 6 / 9?,0.67,13.00,8.00,13.00,3.00
divisão,Quanto é 6 / 10?,0.60,2.00,11.00,10.00,6.00
divisão,Quanto é 6 / 11?,0.55,13.00,1.00,19.00,15.00
divisão,Quanto é 6 / 12?,0.50,16.00,18.00,8.00,18.00
divisão,Quanto é 6 / 13?,0.46,2.00,19.00,11.00,4.00
divisão,Quanto é 6 / 14?,0.43,20.00,4.00,17.00,13.00
divisão,Quanto é 6 / 15?,0.40,7.00,13.00,10.00,7.00
divisão,Quanto é 6 / 16?,0.38,19.00,5.00,2.00,1.00
divisão,Quanto é 6 / 17?,0.35,8.00,10.00,9.00,14.00
divisão,Quanto é 6 / 18?,0.33,2.00,2.00,2.00,7.00
divisão,Quanto é 6 / 19?,0.32,19.00,2.00,5.00,10.00
divisão,Quanto é 6 / 20?,0.30,11.00,3.00,15.00,5.00
divisão,Quanto é 7 / 1?,7.00,15.00,8.00,1.00,10.00
divisão,Quanto é 7 / 2?,3.50,12.00,4.00,3.00,18.00
divisão,Quanto é 7 / 3?,2.33,9.00,5.00,15.00,13.00
divisão,Quanto é 7 / 4?,1.75,6.00,5.00,12.00,20.00
divisão,Quanto é 7 / 5?,1.40,2.00,5.00,20.00,5.00
divisão,Quanto é 7 / 6?,1.17,11.00,10.00,16.00,8.00
divisão,Quanto é 7 / 7?,1.00,19.00,16.00,7.00,12.00
divisão,Quanto é 7 / 8?,0.88,18.00,7.00,16.00,8.00
divisão,Quanto é 7 / 9?,0.78,11.00,8.00,5.00,13.00
divisão,Quanto é 7 / 10?,0.70,13.00,15.00,20.00,7.00
divisão,Quanto é 7 / 11?,0.64,6.00,8.00,3.00,11.00
divisão,Quanto é 7 / 12?,0.58,6.00,9.00,11.00,5.00
divisão,Quanto é 7 / 13?,0.54,12.00,5.00,14.00,14.00
divisão,Quanto é 7 / 14?,0.50,9.00,6.00,7.00,14.00
divisão,Quanto é 7 / 15?,0.47,1.00,5.00,19.00,5.00
divisão,Quanto é 7 / 16?,0.44,16.00,7.00,2.00,1.00
divisão,Quanto é 7 / 17?,0.41,18.00,7.00,13.00,9.00
divisão,Quanto é 7 / 18?,0.39,1.00,1.00,11.00,1.00
divisão,Quanto é 7 / 19?,0.37,9.00,10.00,1.00,1.00
divisão,Quanto é 7 / 20?,0.35,11.00,7.00,20.00,12.00
divisão,Quanto é 8 / 1?,8.00,3.00,12.00,17.00,6.00
divisão,Quanto é 8 / 2?,4.00,17.00,5.00,1.00,13.00
divisão,Quanto é 8 / 3?,2.67,16.00,17.00,2.00,12.00
divisão,Quanto é 8 / 4?,2.00,19.00,5.00,11.00,3.00
divisão,Quanto é 8 / 5?,1.60,5.00,9.00,18.00,15.00
divisão,Quanto é 8 / 6?,1.33,10.00,2.00,15.00,16.00
divisão,Quanto é 8 / 7?,1.14,14.00,11.00,9.00,1.00
divisão,Quanto é 8 / 8?,1.00,14.00,10.00,10.00,4.00
divisão,Quanto é 8 / 9?,0.89,10.00,20.00,4.00,17.00
divisão,Quanto é 8 / 10?,0.80,14.00,17.00,7.00,11.00
divisão,Quanto é 8 / 11?,0.73,9.00,7.00,8.00,16.00
divisão,Quanto é 8 / 12?,0.67,19.00,5.00,4.00,14.00
divisão,Quanto é 8 / 13?,0.62,13.00,8.00,19.00,3.00
divisão,Quanto é 8 / 14?,0.57,18.00,2.00,19.00,20.00
divisão,Quanto é 8 / 15?,0.53,14.00,12.00,16.00,8.00
divisão,Quanto é 8 / 16?,0.50,14.00,7.00,12.00,13.00
divisão,Quanto é 8 / 17?,0.47,19.00,9.00,14.00,17.00
divisão,Quanto é 8 / 18?,0.44,19.00,12.00,16.00,8.00
divisão,Quanto é 8 / 19?,0.42,5.00,16.00,4.00,1.00
divisão,Quanto é 8 / 20?,0.40,1.00,19.00,1.00,18.00
divisão,Quanto é 9 / 1?,9.00,11.00,11.00,4.00,11.00
divisão,Quanto é 9 / 2?,4.50,2.00,15.00,4.00,17.00
divisão,Quanto é 9 / 3?,3.00,18.00,20.00,14.00,2.00
divisão,Quanto é 9 / 4?,2.25,5.00,16.00,14.00,6.00
divisão,Quanto é 9 / 5?,1.80,13.00,2.00,16.00,15.00
divisão,Quanto é 9 / 6?,1.50,19.00,6.00,15.00,19.00
divisão,Quanto é 9 / 7?,1.29,2.00,15.00,15.00,7.00
divisão,Quanto é 9 / 8?,1.12,7.00,15.00,11.00,11.00
divisão,Quanto é 9 / 9?,1.00,12.00,16.00,16.00,15.00
divisão,Quanto é 9 / 10?,0.90,14.00,2.00,1.00,11.00
divisão,Quanto é 9 / 11?,0.82,2.00,19.00,16.00,18.00
divisão,Quanto é 9 / 12?,0.75,11.00,11.00,3.00,9.00
divisão,Quanto é 9 / 13?,0.69,3.00,10.00,6.00,6.00
divisão,Quanto é 9 / 14?,0.64,14.00,11.00,15.00,18.00
divisão,Quanto é 9 / 15?,0.60,10.00,5.00,14.00,4.00
divisão,Quanto é 9 / 16?,0.56,16.00,1.00,12.00,14.00
divisão,Quanto é 9 / 17?,0.53,18.00,3.00,9.00,5.00
divisão,Quanto é 9 / 18?,0.50,1.00,20.00,4.00,6.00
divisão,Quanto é 9 / 19?,0.47,13.00,13.00,13.00,19.00
divisão,Quanto é 9 / 20?,0.45,14.00,17.00,13.00,12.00
divisão,Quanto é 10 / 1?,10.00,19.00,5.00,6.00,4.00
divisão,Quanto é 10 / 2?,5.00,12.00,9.00,4.00,9.00
divisão,Quanto é 10 / 3?,3.33,17.00,6.00,4.00,10.00
divisão,Quanto é 10 / 4?,2.50,1.00,2.00,19.00,19.00
divisão,Quanto é 10 / 5?,2.00,18.00,19.00,20.00,15.00
divisão,Quanto é 10 / 6?,1.67,5.00,3.00,2.00,11.00
divisão,Quanto é 10 / 7?,1.43,10.00,19.00,10.00,14.00
divisão,Quanto é 10 / 8?,1.25,10.00,3.00,6.00,10.00
divisão,Quanto é 10 / 9?,1.11,4.00,7.00,3.00,20.00
divisão,Quanto é 10 / 10?,1.00,16.00,3.00,16.00,16.00
divisão,Quanto é 10 / 11?,0.91,18.00,3.00,4.00,8.00
divisão,Quanto é 10 / 12?,0.83,20.00,1.00,15.00,18.00
divisão,Quanto é 10 / 13?,0.77,11.00,5.00,5.00,17.00
divisão,Quanto é 10 / 14?,0.71,5.00,19.00,17.00,8.00
divisão,Quanto é 10 / 15?,0.67,12.00,19.00,1.00,5.00
divisão,Quanto é 10 / 16?,0.62,6.00,6.00,14.00,9.00
divisão,Quanto é 10 / 17?,0.59,19.00,17.00,2.00,3.00
divisão,Quanto é 10 / 18?,0.56,13.00,15.00,5.00,19.00
divisão,Quanto é 10 / 19?,0.53,15.00,16.00,2.00,1.00
divisão,Quanto é 10 / 20?,0.50,1.00,7.00,13.00,2.00
divisão,Quanto é 11 / 1?,11.00,5.00,2.00,13.00,20.00
divisão,Quanto é 11 / 2?,5.50,19.00,16.00,14.00,16.00
divisão,Quanto é 11 / 3?,3.67,16.00,11.00,3.00,6.00
divisão,Quanto é 11 / 4?,2.75,7.00,5.00,3.00,9.00
divisão,Quanto é 11 / 5?,2.20,2.00,1.00,1.00,4.00
divisão,Quanto é 11 / 6?,1.83,15.00,10.00,15.00,18.00
divisão,Quanto é 11 / 7?,1.57,14.00,2.00,18.00,11.00
divisão,Quanto é 11 / 8?,1.38,7.00,14.00,17.00,16.00
divisão,Quanto é 11 / 9?,1.22,7.00,3.00,12.00,4.00
divisão,Quanto é 11 / 10?,1.10,3.00,12.00,13.00,11.00
divisão,Quanto é 11 / 11?,1.00,19.00,7.00,5.00,8.00
divisão,Quanto é 11 / 12?,0.92,1.00,13.00,10.00,20.00
divisão,Quanto é 11 / 13?,0.85,8.00,20.00,18.00,1.00
divisão,Quanto é 11 / 14?,0.79,17.00,1.00,10.00,9.00
divisão,Quanto é 11 / 15?,0.73,4.00,3.00,19.00,17.00
divisão,Quanto é 11 / 16?,0.69,19.00,3.00,17.00,13.00
divisão,Quanto é 11 / 17?,0.65,3.00,2.00,20.00,11.00
divisão,Quanto é 11 / 18?,0.61,7.00,12.00,13.00,8.00
divisão,Quanto é 11 / 19?,0.58,11.00,14.00,18.00,10.00
divisão,Quanto é 11 / 20?,0.55,10.00,6.00,15.00,10.00
divisão,Quanto é 12 / 1?,12.00,11.00,20.00,14.00,16.00
divisão,Quanto é 12 / 2?,6.00,11.00,7.00,19.00,13.00
divisão,Quanto é 12 / 3?,4.00,6.00,17.00,14.00,9.00
divisão,Quanto é 12 / 4?,3.00,16.00,9.00,8.00,7.00
divisão,Quanto é 12 / 5?,2.40,7.00,6.00,12.00,3.00
divisão,Quanto é 12 / 6?,2.00,6.00,15.00,5.00,19.00
divisão,Quanto é 12 / 7?,1.71,9.00,20.00,1.00,14.00
divisão,Quanto é 12 / 8?,1.50,10.00,18.00,14.00,7.00
divisão,Quanto é 12 / 9?,1.33,1.00,11.00,7.00,18.00
divisão,Quanto é 12 / 10?,1.20,18.00,4.00,1.00,7.00
divisão,Quanto é 12 / 11?,1.09,1.00,19.00,9.00,9.00
divisão,Quanto é 12 / 12?,1.00,7.00,15.00,12.00,10.00
divisão,Quanto é 12 / 13?,0.92,17.00,13.00,17.00,3.00
divisão,Quanto é 12 / 14?,0.86,11.00,12.00,9.00,17.00
divisão,Quanto é 12 / 15?,0.80,13.00,20.00,1.00,5.00
divisão,Quanto é 12 / 16?,0.75,12.00,7.00,5.00,15.00
divisão,Quanto é 12 / 17?,0.71,4.00,4.00,2.00,7.00
divisão,Quanto é 12 / 18?,0.67,9.00,4.00,12.00,13.00
divisão,Quanto é 12 / 19?,0.63,14.00,15.00,15.00,15.00
divisão,Quanto é 12 / 20?,0.60,3.00,7.00,7.00,20.00
divisão,Quanto é 13 / 1?,13.00,1.00,12.00,1.00,15.00
divisão,Quanto é 13 / 2?,6.50,16.00,13.00,18.00,2.00
divisão,Quanto é 13 / 3?,4.33,4.00,13.00,4.00,12.00
divisão,Quanto é 13 / 4?,3.25,4.00,11.00,19.00,2.00
divisão,Quanto é 13 / 5?,2.60,3.00,2.00,17.00,11.00
divisão,Quanto é 13 / 6?,2.17,8.00,2.00,19.00,11.00
divisão,Quanto é 13 / 7?,1.86,1.00,20.00,18.00,3.00
divisão,Quanto é 13 / 8?,1.62,3.00,11.00,11.00,17.00
divisão,Quanto é 13 / 9?,1.44,13.00,1.00,13.00,16.00
divisão,Quanto é 13 / 10?,1.30,8.00,6.00,5.00,14.00
divisão,Quanto é 13 / 11?,1.18,4.00,12.00,1.00,3.00
divisão,Quanto é 13 / 12?,1.08,3.00,6.00,7.00,3.00
divisão,Quanto é 13 / 13?,1.00,3.00,8.00,19.00,13.00
divisão,Quanto é 13 / 14?,0.93,14.00,18.00,15.00,15.00
divisão,Quanto é 13 / 15?,0.87,8.00,8.00,1.00,13.00
divisão,Quanto é 13 / 16?,0.81,7.00,17.00,11.00,5.00
divisão,Quanto é 13 / 17?,0.76,14.00,13.00,8.00,12.00
divisão,Quanto é 13 / 18?,0.72,3.00,9.00,12.00,8.00
divisão,Quanto é 13 / 19?,0.68,11.00,6.00,13.00,2.00
divisão,Quanto é 13 / 20?,0.65,8.00,8.00,5.00,16.00
divisão,Quanto é 14 / 1?,14.00,11.00,4.00,13.00,16.00
divisão,Quanto é 14 / 2?,7.00,13.00,11.00,9.00,10.00
divisão,Quanto é 14 / 3?,4.67,8.00,6.00,20.00,4.00
divisão,Quanto é 14 / 4?,3.50,19.00,1.00,9.00,10.00
divisão,Quanto é 14 / 5?,2.80,12.00,1.00,7.00,4.00
divisão,Quanto é 14 / 6?,2.33,7.00,15.00,15.00,9.00
divisão,Quanto é 14 / 7?,2.00,13.00,16.00,3.00,4.00
divisão,Quanto é 14 / 8?,1.75,6.00,10.00,7.00,20.00
divisão,Quanto é 14 / 9?,1.56,19.00,10.00,2.00,13.00
divisão,Quanto é 14 / 10?,1.40,10.00,11.00,20.00,18.00
divisão,Quanto é 14 / 11?,1.27,15.00,3.00,6.00,7.00
divisão,Quanto é 14 / 12?,1.17,16.00,20.00,9.00,8.00
divisão,Quanto é 14 / 13?,1.08,16.00,8.00,4.00,3.00
divisão,Quanto é 14 / 14?,1.00,7.00,16.00,7.00,10.00
divisão,Quanto é 14 / 15?,0.93,1.00,14.00,8.00,13.00
divisão,Quanto é 14 / 16?,0.88,2.00,12.00,6.00,3.00
divisão,Quanto é 14 / 17?,0.82,10.00,18.00,16.00,14.00
divisão,Quanto é 14 / 18?,0.78,6.00,8.00,6.00,2.00
divisão,Quanto é 14 / 19?,0.74,8.00,15.00,11.00,9.00
divisão,Quanto é 14 / 20?,0.70,14.00,16.00,13.00,6.00
divisão,Quanto é 15 / 1?,15.00,4.00,1.00,12.00,6.00
divisão,Quanto é 15 / 2?,7.50,12.00,11.00,20.00,19.00
divisão,Quanto é 15 / 3?,5.00,10.00,19.00,9.00,20.00
divisão,Quanto é 15 / 4?,3.75,15.00,12.00,18.00,16.00
divisão,Quanto é 15 / 5?,3.00,6.00,20.00,2.00,20.00
divisão,Quanto é 15 / 6?,2.50,18.00,20.00,14.00,20.00
divisão,Quanto é 15 / 7?,2.14,17.00,13.00,6.00,11.00
divisão,Quanto é 15 / 8?,1.88,2.00,19.00,6.00,4.00
divisão,Quanto é 15 / 9?,1.67,11.00,9.00,13.00,9.00
divisão,Quanto é 15 / 10?,1.50,20.00,4.00,16.00,1.00
divisão,Quanto é 15 / 11?,1.36,14.00,15.00,8.00,13.00
divisão,Quanto é 15 / 12?,1.25,7.00,10.00,10.00,12.00
divisão,Quanto é 15 / 13?,1.15,5.00,16.00,1.00,20.00
divisão,Quanto é 15 / 14?,1.07,6.00,9.00,2.00,3.00
divisão,Quanto é 15 / 15?,1.00,11.00,4.00,7.00,13.00
divisão,Quanto é 15 / 16?,0.94,18.00,6.00,18.00,8.00
divisão,Quanto é 15 / 17?,0.88,15.00,7.00,4.00,4.00
divisão,Quanto é 15 / 18?,0.83,14.00,5.00,2.00,8.00
divisão,Quanto é 15 / 19?,0.79,16.00,3.00,2.00,10.00
divisão,Quanto é 15 / 20?,0.75,18.00,19.00,17.00,17.00
divisão,Quanto é 16 / 1?,16.00,4.00,1.00,9.00,14.00
divisão,Quanto é 16 / 2?,8.00,20.00,13.00,9.00,5.00
divisão,Quanto é 16 / 3?,5.33,2.00,20.00,16.00,7.00
divisão,Quanto é 16 / 4?,4.00,3.00,11.00,14.00,2.00
divisão,Quanto é 16 / 5?,3.20,4.00,16.00,13.00,10.00
divisão,Quanto é 16 / 6?,2.67,16.00,1.00,1.00,10.00
divisão,Quanto é 16 / 7?,2.29,18.00,15.00,9.00,19.00
divisão,Quanto é 16 / 8?,2.00,5.00,3.00,5.00,8.00
divisão,Quanto é 16 / 9?,1.78,3.00,1.00,14.00,17.00
divisão,Quanto é 16 / 10?,1.60,7.00,11.00,17.00,9.00
divisão,Quanto é 16 / 11?,1.45,13.00,7.00,7.00,12.00
divisão,Quanto é 16 / 12?,1.33,5.00,7.00,11.00,19.00
divisão,Quanto é 16 / 13?,1.23,2.00,2.00,12.00,16.00
divisão,Quanto é 16 / 14?,1.14,5.00,19.00,6.00,13.00
divisão,Quanto é 16 / 15?,1.07,9.00,7.00,15.00,12.00
divisão,Quanto é 16 / 16?,1.00,8.00,18.00,20.00,2.00
divisão,Quanto é 16 / 17?,0.94,16.00,6.00,8.00,11.00
divisão,Quanto é 16 / 18?,0.89,12.00,12.00,14.00,19.00
divisão,Quanto é 16 / 19?,0.84,15.00,4.00,12.00,19.00
divisão,Quanto é 16 / 20?,0.80,12.00,15.00,3.00,19.00
divisão,Quanto é 17 / 1?,17.00,14.00,15.00,1.00,19.00
divisão,Quanto é 17 / 2?,8.50,15.00,2.00,13.00,16.00
divisão,Quanto é 17 / 3?,5.67,6.00,18.00,9.00,12.00
divisão,Quanto é 17 / 4?,4.25,14.00,1.00,2.00,15.00
divisão,Quanto é 17 / 5?,3.40,18.00,5.00,4.00,9.00
divisão,Quanto é 17 / 6?,2.83,17.00,15.00,9.00,15.00
divisão,Quanto é 17 / 7?,2.43,10.00,10.00,20.00,9.00
divisão,Quanto é 17 / 8?,2.12,2.00,3.00,4.00,7.00
divisão,Quanto é 17 / 9?,1.89,8.00,6.00,1.00,17.00
divisão,Quanto é 17 / 10?,1.70,17.00,3.00,4.00,8.00
divisão,Quanto é 17 / 11?,1.55,4.00,19.00,15.00,13.00
divisão,Quanto é 17 / 12?,1.42,15.00,11.00,20.00,8.00
divisão,Quanto é 17 / 13?,1.31,6.00,15.00,13.00,19.00
divisão,Quanto é 17 / 14?,1.21,9.00,14.00,10.00,12.00
divisão,Quanto é 17 / 15?,1.13,8.00,8.00,19.00,10.00
divisão,Quanto é 17 / 16?,1.06,20.00,14.00,3.00,20.00
divisão,Quanto é 17 / 17?,1.00,18.00,10.00,4.00,6.00
divisão,Quanto é 17 / 18?,0.94,6.00,5.00,10.00,14.00
divisão,Quanto é 17 / 19?,0.89,9.00,1.00,14.00,13.00
divisão,Quanto é 17 / 20?,0.85,3.00,15.00,8.00,4.00
divisão,Quanto é 18 / 1?,18.00,6.00,14.00,8.00,6.00
divisão,Quanto é 18 / 2?,9.00,14.00,15.00,16.00,15.00
divisão,Quanto é 18 / 3?,6.00,19.00,3.00,5.00,4.00
divisão,Quanto é 18 / 4?,4.50,10.00,12.00,11.00,19.00
divisão,Quanto é 18 / 5?,3.60,12.00,10.00,2.00,9.00
divisão,Quanto é 18 / 6?,3.00,20.00,14.00,20.00,18.00
divisão,Quanto é 18 / 7?,2.57,20.00,4.00,19.00,10.00
divisão,Quanto é 18 / 8?,2.25,3.00,17.00,2.00,1.00
divisão,Quanto é 18 / 9?,2.00,20.00,5.00,20.00,9.00
divisão,Quanto é 18 / 10?,1.80,6.00,15.00,4.00,7.00
divisão,Quanto é 18 / 11?,1.64,14.00,10.00,3.00,11.00
divisão,Quanto é 18 / 12?,1.50,15.00,6.00,14.00,13.00
divisão,Quanto é 18 / 13?,1.38,12.00,11.00,10.00,14.00
divisão,Quanto é 18 / 14?,1.29,11.00,8.00,4.00,12.00
divisão,Quanto é 18 / 15?,1.20,1.00,17.00,2.00,6.00
divisão,Quanto é 18 / 16?,1.12,19.00,7.00,19.00,1.00
divisão,Quanto é 18 / 17?,1.06,2.00,7.00,12.00,2.00
divisão,Quanto é 18 / 18?,1.00,9.00,17.00,10.00,17.00
divisão,Quanto é 18 / 19?,0.95,12.00,20.00,7.00,15.00
divisão,Quanto é 18 / 20?,0.90,10.00,10.00,14.00,18.00
divisão,Quanto é 19 / 1?,19.00,2.00,12.00,12.00,14.00
divisão,Quanto é 19 / 2?,9.50,3.00,4.00,20.00,16.00
divisão,Quanto é 19 / 3?,6.33,20.00,19.00,5.00,5.00
divisão,Quanto é 19 / 4?,4.75,7.00,17.00,11.00,7.00
divisão,Quanto é 19 / 5?,3.80,7.00,12.00,14.00,20.00
divisão,Quanto é 19 / 6?,3.17,16.00,20.00,3.00,19.00
divisão,Quanto é 19 / 7?,2.71,4.00,13.00,19.00,15.00
divisão,Quanto é 19 / 8?,2.38,2.00,14.00,8.00,17.00
divisão,Quanto é 19 / 9?,2.11,7.00,14.00,3.00,12.00
divisão,Quanto é 19 / 10?,1.90,3.00,17.00,10.00,15.00
divisão,Quanto é 19 / 11?,1.73,12.00,11.00,19.00,2.00
divisão,Quanto é 19 / 12?,1.58,11.00,7.00,17.00,7.00
divisão,Quanto é 19 / 13?,1.46,2.00,12.00,14.00,3.00
divisão,Quanto é 19 / 14?,1.36,8.00,19.00,14.00,10.00
divisão,Quanto é 19 / 15?,1.27,15.00,11.00,20.00,8.00
divisão,Quanto é 19 / 16?,1.19,4.00,18.00,5.00,5.00
divisão,Quanto é 19 / 17?,1.12,15.00,2.00,15.00,15.00
divisão,Quanto é 19 / 18?,1.06,7.00,9.00,7.00,11.00
divisão,Quanto é 19 / 19?,1.00,19.00,8.00,19.00,17.00
divisão,Quanto é 19 / 20?,0.95,7.00,3.00,15.00,3.00
divisão,Quanto é 20 / 1?,20.00,8.00,11.00,18.00,19.00
divisão,Quanto é 20 / 2?,10.00,19.00,2.00,18.00,8.00
divisão,Quanto é 20 / 3?,6.67,16.00,6.00,14.00,18.00
divisão,Quanto é 20 / 4?,5.00,10.00,7.00,2.00,13.00
divisão,Quanto é 20 / 5?,4.00,11.00,7.00,12.00,8.00
divisão,Quanto é 20 / 6?,3.33,10.00,9.00,18.00,14.00
divisão,Quanto é 20 / 7?,2.86,11.00,7.00,19.00,10.00
divisão,Quanto é 20 / 8?,2.50,20.00,4.00,11.00,20.00
divisão,Quanto é 20 / 9?,2.22,18.00,3.00,18.00,3.00
divisão,Quanto é 20 / 10?,2.00,5.00,20.00,12.00,3.00
divisão,Quanto é 20 / 11?,1.82,20.00,5.00,17.00,7.00
divisão,Quanto é 20 / 12?,1.67,14.00,11.00,6.00,7.00
divisão,Quanto é 20 / 13?,1.54,17.00,20.00,16.00,17.00
divisão,Quanto é 20 / 14?,1.43,1.00,12.00,9.00,20.00
divisão,Quanto é 20 / 15?,1.33,9.00,17.00,18.00,5.00
divisão,Quanto é 20 / 16?,1.25,4.00,12.00,2.00,1.00
divisão,Quanto é 20 / 17?,1.18,10.00,3.00,7.00,18.00
divisão,Quanto é 20 / 18?,1.11,14.00,19.00,15.00,12.00
divisão,Quanto é 20 / 19?,1.05,3.00,1.00,3.00,18.00
divisão,Quanto é 20 / 20?,1.00,19.00,16.00,15.00,9.00
